user_id,user_screen_name,user_name,user_lang,user_geo_enabled,user_location,user_timezone,user_utc_offset,user_tweets,user_followers,user_following,user_friends,user_favorites,user_lists,user_bio,user_verified,user_protected,user_withheld_in_countries,user_withheld_scope,user_created,user_image_url,user_url,restricted_to_public,is_deleted,is_suspended,item_updated_time,not_in_search_results,blue_verified
10228272,YouTube,,,,"San Bruno, CA",,,61074,68660521,1144,1144,6016,74279,like & subscribe,1,,,,2007-11-14,https://pbs.twimg.com/profile_images/1984471345854566400/5pd8GpgC_normal.jpg,http://youtube.com/,,,,2026-05-01 09:39:10,,1
14099477,indica,,,,"Colombo, Sri Lanka",,,34197,29987,1377,1377,18533,341,Indi Samarajiva is a Sri Lankan blogger at https://t.co/8qmkNy6EmF.,,,,,2008-03-08,https://pbs.twimg.com/profile_images/1721518863924293632/gltbF69x_normal.jpg,http://indi.ca,,,,2026-05-01 09:35:42,,1
15199808,Vidyut,,,,India,,,420660,40832,247,247,4906,463,"Sci-fi writer. Creativity is life. Compassion is soul. || Aspiring social reformer || Prime Minister, #AltSarkar",,,,,2008-06-22,https://pbs.twimg.com/profile_images/1940189638385082368/jSjPxUs3_normal.jpg,https://www.amazon.com/dp/B0CD33P26X,,,,2026-05-01 09:35:40,,1
15406241,oriblum,,,,,,,2276,91,416,416,10262,1,“We are not within the circle of those you dictate to.”,,,,,2008-07-12,https://pbs.twimg.com/profile_images/1875866702426091520/m_qAPQVU_normal.jpg,,,,,2026-05-01 09:43:01,,
15896379,qcCultural,,,,Portugal,,,407730,142821,45063,45063,116855,1667,"Global Citizen, a person.
Writing, witnessing, remembering.
Saif Gaddafi.
3×3=3.",,,,,2008-08-19,https://pbs.twimg.com/profile_images/2035742618718797824/jP7GXp-A_normal.jpg,https://x.com/supporttoSaif,,,,2026-05-01 09:35:40,,1
16170253,ryangrim,,,,washington,,,101271,524474,12052,12052,27584,4507,"Reporter at @DropSiteNews - Author of ""We've Got People,” “The Squad,” and “This Is Your Country On Drugs.” Co-host of Breaking Points. Signal: cherrygarcia.01",,,,,2008-09-07,https://pbs.twimg.com/profile_images/2013721171095699456/0jmHxbH2_normal.jpg,https://dropsitenews.com,,,,2026-05-01 09:41:23,,1
16961696,b_schoendorff,,,,Occupied Turtle Island,,,59867,7317,1400,1400,66456,64,"Foot soldier, Unit 2027, Shitposting division, Psychological Brigades of the Free People of the World. 

""The final battle has begun, shitpost them to hell!""",,,,,2008-10-25,https://pbs.twimg.com/profile_images/2037647500820275200/kqh9YL5h_normal.jpg,https://resistanceisfertilepodcast.substack.com/,,,,2026-05-01 09:35:40,,1
22903712,Jordan7th,,,,🗺,,,2327,89,,,1177,7,,,,,,2009-03-05,https://pbs.twimg.com/profile_images/1955309668923854848/kijMDUAC_normal.jpg,,,,,2026-05-01 09:41:23,,1
25111140,mmahoooooit,,,,earth ,,,56978,648,1450,1450,228762,9,🇵🇸 #CEASEFIRENOW / maybe make white collar crime illegal again 🧟‍♂️ / there is no peak bullshit.,,,,,2009-03-18,https://pbs.twimg.com/profile_images/1525568909889441794/HYKYHg59_normal.jpg,https://wallstreetonparade.com,,,,2026-05-01 09:41:23,,
34743251,SpaceX,,,,Earth,,,11267,41645223,123,123,520,44652,"SpaceX designs, manufactures and launches the world’s most advanced rockets and spacecraft",1,,,,2009-04-24,https://pbs.twimg.com/profile_images/1697749409851985920/HbrI04tM_normal.jpg,http://spacex.com,,,,2026-05-01 09:35:40,,1
38492666,shawnwenzel,,,,Jamaica,,,61092,3051,1103,1103,191291,24,Canadian guy enjoying the sun in Jamaica. Management / IT consultant and president of CaribTek.,,,,,2009-05-07,https://pbs.twimg.com/profile_images/1782636240233263104/Tx7hrP4Z_normal.jpg,http://shawnwenzel.com,,,,2026-05-01 09:39:10,,
45352764,xxlilflyxx,,,,"Da South, USA",,,575,49,54,54,281,,"constitution lovin’, fiscally conservative, social liberalist who suddenly became a “radical democrat” for speaking out against Israel, Trump, & the war on Iran",,,,,2009-06-07,https://pbs.twimg.com/profile_images/253263042/mascot_normal.jpg,,,,,2026-05-01 09:39:10,,1
47565262,iranazadi,,,,,,,6600,438,1439,1439,39497,3,,,,,,2009-06-16,https://pbs.twimg.com/profile_images/272363139/tasvir2_normal.jpg,,,,,2026-05-01 09:42:19,,
49079553,Mauriello_R,,,,Tehran l Rome l Madrid,,,78320,13808,4057,4057,4879,94,Historian and linguist specialising in Global Studies | Co-Editor @degruyter_brill & @palgrave | 🗣🇮🇹🇪🇸🇮🇷🇬🇧🇫🇷🇱🇧 | analysis ≠ advocacy | 😶 ≠ endorse,,,,,2009-06-20,https://pbs.twimg.com/profile_images/2047748196982546432/PcREguG6_normal.jpg,http://www.raffaelemauriello.info,,,,2026-05-01 09:35:42,,
68650887,mosbatboy,,,,,,,154112,26829,4611,4611,461065,19,,,,,,2009-08-25,https://pbs.twimg.com/profile_images/653588050732261377/nwLO46qu_normal.jpg,,,,,2026-05-01 09:35:42,,1
82373091,ChristinaSFLaw,,,,"Vancouver, British Columbia",,,141775,2464,3762,3762,237973,18,"Radical lawyer, author of ""If Beaver Fights Eagle""; Bane of Fash 🏴✊; political exile; She/Her #IchBinAntifa #ResistTrump ; Substack @christinadiedoardo",,,,,2009-10-14,https://pbs.twimg.com/profile_images/2027937626238685189/if-8kB18_normal.jpg,https://www.amazon.com/Christina-Ann-Marie-DiEdoardo/e/B00ZZAMC9M/ref=sr_ntt_srch_lnk_1?qid=14859787,,,,2026-05-01 09:35:40,,
138530001,gggg45466,,,,"Lazio, Italia",,,112009,6180,1747,1747,273862,10,🩶🤍📍🤍🩶,,,,,2010-04-29,https://pbs.twimg.com/profile_images/2044068851147735040/SHxo1eT-_normal.jpg,,,,,2026-05-01 09:35:40,,
186690450,GL1962,,,,"Bangkok, Thailand",,,21975,724,348,348,126019,1,I write stories based on my experiences as a Brit living in the global south for 30 years. Eastlit publisher. Retired Education Administrator & teacher/trainer.,,,,,2010-09-04,https://pbs.twimg.com/profile_images/551270349241729024/vHp-CvYc_normal.jpeg,http://www.grahamlawrence.net/,,,,2026-05-01 09:42:19,,
248352630,aj_observations,,,,Always on the move,,,84995,9527,633,633,90666,99,"Geopolitics, and yeah, the conflict between Russia and Ukraine. DMS CLOSED!",,,,,2011-02-06,https://pbs.twimg.com/profile_images/1917705925726539776/7UavWqMy_normal.jpg,,,,,2026-05-01 09:35:40,,
306012283,anniefofani,,,,,,,187935,7346,3880,3880,199192,160,,,,,,2011-05-27,https://pbs.twimg.com/profile_images/1563504465902063616/-ifdXVOo_normal.jpg,,,,,2026-05-01 09:35:42,,1
373854815,TurgayEvren1,,,,"İstanbul, Türkiye",,,106864,103956,26859,26859,129517,139,"“The World Is Bigger Than Five”, “Shame”, “Absolutely Not”, ve “Kashmir Is My Name” şarkılarının söz yazarı. (Author, Songwriter and Composer)",,,,,2011-09-15,https://pbs.twimg.com/profile_images/1375523159554809863/Dv0Y84mf_normal.jpg,https://youtube.com/turgayevren,,,,2026-05-01 09:35:42,,1
400884956,nosoyyo7,,,,🌎,,,43354,669,905,905,80473,8,Feminist (the only kind); Missing Magdalen Berns; Vegan Starchivore; Anti-capitalist; US out of: 🗺️; GIF-Phobic; Don’t ask Grøk,,,,,2011-10-29,https://pbs.twimg.com/profile_images/915363354285355012/AwhhtJqB_normal.jpg,,,,,2026-05-01 09:41:23,,
444761902,JameelSubay,,,,"Marseille, France",,,1362,1215,1001,1001,4006,13,"Chargé de développement social.

A Yemeni Photojournalist",,,,,2011-12-23,https://pbs.twimg.com/profile_images/1710034321/JAMY4274_normal.JPG,http://jameelsubay.blogspot.com/,,,,2026-05-01 09:35:40,,
448110417,SamanAhsan,,,,,,,31376,7835,5350,5350,47044,20,"The children are always ours, every single one of them, all over the globe... James Baldwin.
Tweets are my personal opinion, likes/ retweets are not endorsement",,,,,2011-12-27,https://pbs.twimg.com/profile_images/1817843712732647424/DovaBYvb_normal.jpg,,,,,2026-05-01 09:43:03,,1
546671598,NtombiMzansi,,,,United Kingdom,,,3795,327,2483,2483,34761,2,Globe-trotting South African. Passionate about reducing inequality and making the world a better place for all of us.,,,,,2012-04-06,https://pbs.twimg.com/profile_images/1371118523876057088/g1CADkAH_normal.jpg,,,,,2026-05-01 09:43:03,,1
561293521,pathfinder_tua,,,,🌍🩵🧠✨,,,22038,2224,503,503,29694,15,👋 You'll find it if you explore around 👉 | Timeline | Highlights | Community | 💫,,,,,2012-04-23,https://pbs.twimg.com/profile_images/2009304785569095680/E5XandXq_normal.jpg,https://tinyurl.com/Pathfindrtua,,,,2026-05-01 09:35:40,,1
709871306,Americans_Rise,,,,Las Vegas,,,210364,1403,679,679,49708,165,"I stand with American people, those that have served our country and continue to serve our country NOT fake patriots serving Zi0nism, Israel, War profiteering",,,,,2012-07-22,https://pbs.twimg.com/profile_images/2036700512868065280/qaTMTm6V_normal.jpg,,,,,2026-05-01 09:39:10,,
1854315500,ElleZee25,,,,,,,1601,127,3026,3026,12355,,,,,,,2013-09-11,https://pbs.twimg.com/profile_images/2013828996052459520/BPG9uO7__normal.jpg,,,,,2026-05-01 09:41:23,,
2192887524,truthtotweet,,,,Anywhere I want to be.,,,467618,1704,1602,1602,4,1,Lists/trolls will be #BLOCKED.¯\_(ツ)_/¯,,,,,2013-11-13,https://pbs.twimg.com/profile_images/1350626715551342592/5h14d8Lz_normal.jpg,,,,,2026-05-01 09:35:42,,
2324495340,2014Saihat,,,,,,,21,,43,43,20,,,,,,,2014-02-03,https://abs.twimg.com/sticky/default_profile_images/default_profile_normal.png,,,,,2026-05-01 09:41:23,,
2895715335,TNT1987a,,,,,,,24676,7393,6932,6932,51076,37,"Del pasado honor, del presente orgullo!! 🇪🇦🇪🇦🇪🇦  Si eres una persona con valores, honestidad, sinceridad y pensamiento crítico sígueme. Si no! ⛔️",,,,,2014-11-28,https://pbs.twimg.com/profile_images/2032468924932177920/89DIoUzt_normal.jpg,,,,,2026-05-01 09:42:19,,1
4060566194,JerriGrail,,,,,,,607,463,1067,1067,23532,,🔁reposts do not indicate endorsement.,,,,,2015-10-29,https://pbs.twimg.com/profile_images/1857426015372328960/5pvmtBBs_normal.jpg,https://bsky.app/profile/jerrigrail.bsky.social,,,,2026-05-01 09:41:23,,
1343746309992288258,Sofya_salam,,,,Taqwa: Awareness of Allah ,,,13132,558,181,181,30284,2,"O'Allah, what did he find who lost You - What did he lose who found You.
Quran | عدل | Beyond Sect | Beyond Side",,,,,2020-12-29,https://pbs.twimg.com/profile_images/1586038318680010752/n-srKOnj_normal.jpg,,,,,2026-05-01 09:35:40,,1
1243640695681765376,FindingHolm,,,,"Portland, OR",,,24076,3759,1045,1045,125328,14,Pro-Humanity Anti-Imperialist 💕 We must RESIST the Corporate Political Oligarchy & help birth The New Multipolar World of Peace 🌏 #ProtectPainPatients,,,,,2020-03-27,https://pbs.twimg.com/profile_images/1908594316865572864/VtW9uOP__normal.jpg,,,,,2026-05-01 09:35:40,,
1844106433475854336,PeterFreit35313,,,1,Luxembourg,,,15255,672,571,571,28239,6,"I am an activist and politician in Luxembourg (Europe). If you like, tipping is appreciated 😊.",,,,,2024-10-09,https://pbs.twimg.com/profile_images/1844107113875771393/qnOP2Dlm_normal.jpg,https://www.facebook.com/share/18BFarPXpZ/,,,,2026-05-01 09:35:40,,1
2031492622968303620,ExplosiveMediaa,,,,Iran,,,1170,76012,116,116,6524,277,"Iranian Lego-style animation team. Fast, Instant, Explosive🔥🤞.
.
.
Lego Resistance Front
#LRF",,,,,2026-03-11,https://pbs.twimg.com/profile_images/2039670351412760577/MlFKVB2z_normal.jpg,https://lnk.bio/ExplosiveMediaa,,,,2026-05-01 09:35:40,,1
1514536620762054661,Kathleen_Tyson_,,,,London,,,138781,59120,861,861,223601,904,"Global liquidity plumber (triparty repo, FX & optimisation), long ago central banker & author Multicurrency Mercantilism: The New International Monetary Order.",,,,,2022-04-14,https://pbs.twimg.com/profile_images/1800497505152438272/z7QZGhOM_normal.jpg,https://buymeacoffee.com/kathleentyson,,,,2026-05-01 09:35:40,,1
1675775490429255680,kesic_ivan,,,,"Tehran, Iran",,,14765,687,463,463,32312,8,"No views, just facts.",,,,,2023-07-03,https://pbs.twimg.com/profile_images/1697825233036533760/nN7Z5mH-_normal.jpg,,,,,2026-05-01 09:35:40,,
945487277156732928,TheTopSecrets6,,,,,,,6899,241,1032,1032,25886,5,Welcome to the OFFICIAL Twitter account  of The Top Secrets society,,,,,2017-12-26,https://pbs.twimg.com/profile_images/1921655336605257728/wyLCje32_normal.jpg,https://www.instagram.com/thetopsecrets/,,,,2026-05-01 09:35:40,,
1329106302321139712,AnaEscobarShow,,,,,,,59490,28605,2847,2847,239020,154,“like if Ana Kasparian also liked sports” | based | Christ is King 👑,,,,,2020-11-18,https://pbs.twimg.com/profile_images/2037228568342933504/mLFiYRij_normal.jpg,http://instagram.com/anaescobarshow,,,,2026-05-01 09:35:40,,1
1736788266391605248,ProfHall1955,,,,Newcastle upon Tyne,,,28511,13442,2265,2265,39971,49,Prof. Ultra-Realism. Criminology. Sociology. Economic History. Neuropsychology. Anthropology. Political Theory. WPB.,,,,,2023-12-18,https://pbs.twimg.com/profile_images/1954294945247903744/pUFeNFA6_normal.jpg,https://independent.academia.edu/SteveHall42,,,,2026-05-01 09:35:40,,
1249420694074482689,WCYSUS,,,,"Washington DC, USA ",,,2194,3011,164,164,621,13,"Amplifying Yemeni voices through research, policy analysis, and community engagement to champion justice, civil liberties, and a sustainable future in Yemen",,,,,2020-04-12,https://pbs.twimg.com/profile_images/1826312091789086720/UiK2vS79_normal.jpg,http://wcys.org,,,,2026-05-01 09:35:40,,1
1793038759253979136,rahimlue_ali,,,,Iran,,,19120,1904,871,871,58977,4,"Iranian academic/Political commentator

یک جان ناقابل فدا",,,,,2024-05-22,https://pbs.twimg.com/profile_images/1846646268681924608/gBgjkG-w_normal.jpg,,,,,2026-05-01 09:35:42,,
1808936723487076352,kootlaass,,,,,,,470,45,198,198,7188,,IRAN,,,,,2024-07-04,https://pbs.twimg.com/profile_images/1882191246719877120/DHTvYu1Q_normal.jpg,,,,,2026-05-01 09:35:42,,
1247195838125924353,monarchistIRAN,,,,"Versailles, France",,,26328,1186,910,910,30126,4,ex-monarchist.iran . Supporter of Powerful Iran | IRGC & Iranian Army | ex-monarchist turned patriot - back-up account @exmonarchist,,,,,2020-04-06,https://pbs.twimg.com/profile_images/1490746501718495237/7ynNJxfn_normal.jpg,https://share.upscrolled.com/en/user/f7847d62-c27d-4792-856b-1b2d8922c920/,,,,2026-05-01 09:35:42,,1
1776269230159147008,DropSiteNews,,,,,,,36615,429880,94,94,17254,2676,Independent news on politics and war. 📥 Secure tip line (Proton Mail): tips@dropsitesecure.com,1,,,,2024-04-05,https://pbs.twimg.com/profile_images/1962913354638385159/k0Gl4p3z_normal.jpg,https://www.dropsitenews.com,,,,2026-05-01 09:35:42,,1
1490536743137087490,dina_sulaeman,,,,"Bandung, Jawa Barat",,,13226,36012,696,696,6503,45,"Pengamat Timur Tengah, analis geopolitik, dosen HI. https://t.co/cqJKpzpUiL",,,,,2022-02-07,https://pbs.twimg.com/profile_images/1678228753821097984/sqOv7wIg_normal.jpg,,,,,2026-05-01 09:35:42,,1
1528774279764094977,MorenaMariaPa,,,,,,,775487,13698,14048,14048,707312,7,Get your hopes up is the day that change everything you are the most greatest creation of the https://t.co/6v9S0JxDkg DM I’m MARRIED 67 years old. God bless America.,,,,,2022-05-23,https://pbs.twimg.com/profile_images/1985875436572741632/tQPVz82t_normal.jpg,,,,,2026-05-01 09:35:42,,
1576668754062213123,elydia351,,,,,,,134551,647,1646,1646,24225,23,Born in Brazil-ArsenalFC-classic films/tv-futebol. Greatest threat to global survival is US hegemony. End NATO. Israel is a terrorist state. Joined twitter 2009,,,,,2022-10-02,https://pbs.twimg.com/profile_images/1831704179758243840/V0F4ezin_normal.jpg,,,,,2026-05-01 09:39:10,,
1393944532132143106,idertod,,,,The Shawnee forest ,,,34470,1089,2017,2017,46297,6,"Internationalist, autodidact, intellectual lumper synthesizing the Black Radical Tradition to abolish whiteness. Twelve years of treasonous unlearning. 󠁖☭ 󠁖",,,,,2021-05-16,https://pbs.twimg.com/profile_images/1887650063805022208/tThiy6FC_normal.jpg,https://substack.com/@idertod,,,,2026-05-01 09:39:10,,
1282011136297177089,FireKnight_750,,,,"Under SatanYahu’s bed,Isntreal",,,13124,308,1062,1062,362384,2,The spirt of resistance will NEVER be extinguished. #DeathtoTheIDF. fuck the Zionist entity and the UAE. LONG LIVE IRAN and its people !,,,,,2020-07-11,https://pbs.twimg.com/profile_images/1951518092711899136/GKGep3Bz_normal.jpg,,,,,2026-05-01 09:39:10,,
1777908168380846080,Sabael333,,,,United States,,,5269,810,982,982,38783,5,Sapere aude!,,,,,2024-04-10,https://pbs.twimg.com/profile_images/2041579936100544512/4M8ZDEjR_normal.jpg,,,,,2026-05-01 09:39:10,,1
2041305855262371840,imREVOLUTION83,,,,,,,277,3,95,95,145,,,,,,,2026-04-07,https://pbs.twimg.com/profile_images/2041609038681493504/po8-tzNW_normal.jpg,,,,,2026-05-01 09:39:10,,
1530854316386525184,RAMSESderDritte,,,,Satire/Comedy.,,,82106,8036,4879,4879,161675,1,"Natürlicher Verstand kann fast jeden Grad von Bildung ersetzen, aber keine Bildung den natürlichen Verstand. List = Block.",,,,,2022-05-29,https://pbs.twimg.com/profile_images/1833429109642240000/6U6v9sub_normal.jpg,,,,,2026-05-01 09:39:10,,
1952915933586178049,Star60555583028,,,,United States,,,3599,20,9,9,4703,,What You Need to Know About Parenting in 5 Mins,,,,,2025-08-06,https://pbs.twimg.com/profile_images/2028570923302068224/GtYE9oB1_normal.jpg,,,,,2026-05-01 09:39:10,,
1676063843183722496,Farz_Zaad,,,,Planet earth,,,69136,2786,4314,4314,109270,23,"Farz - imagination /
Zaad - born of ☁️
You think, therefore you are, I am NOT, therefore I KNOW 🙃
https://t.co/hRdvdXGfO6
# check my highlights tab porfa!",,,,,2023-07-04,https://pbs.twimg.com/profile_images/1926743899193712640/mD8-bHna_normal.jpg,,,,,2026-05-01 09:39:10,,1
2028092639787233281,NajiMalik695708,,,,,,,6649,131,482,482,6262,,"HSE Engineer Oil & Gas Consultant.
Off The Grid. Resistance.
#WorldWar3 #NeverTrustUSA #AdialaJail #Trump #Iran #Lebanon #Gaza #CandaceOwens",,,,,2026-03-01,https://pbs.twimg.com/profile_images/2029971845752180736/VVEyI1H8_normal.jpg,,,,,2026-05-01 09:39:10,,1
1907932923552219137,NarjesNaze21351,,,,,,,13959,155,51,51,6451,,,,,,,2025-04-04,https://pbs.twimg.com/profile_images/1907933040514576398/18gdP3dF_normal.png,,,,,2026-05-01 09:39:10,,
1764814007213699072,qhXDUbcrHV82530,,,,,,,23327,112,244,244,3,1,,,,,,2024-03-05,https://pbs.twimg.com/profile_images/1764814175396823040/cpZuMaFy_normal.jpg,,,,,2026-05-01 09:41:23,,
1933335731721711616,TerribleId59801,,,,"Atlanta, GA",,,18054,632,420,420,3080,19,"Hoping for peace for all, and justice for the harmed.

Random mockery for shaming those who say hateful things. 🇮🇱",,,,,2025-06-13,https://pbs.twimg.com/profile_images/1956894802177376256/Oe1VQLQU_normal.jpg,,,,,2026-05-01 09:41:23,,1
839106007280177153,castaneda_dfo,,,,"Metro Manila, Philippines",,,55433,1286,1794,1794,171010,7,Christian. Father. Son. Filipino. Multipolar World.,,,,,2017-03-07,https://pbs.twimg.com/profile_images/1607804918479589377/_z1S-R_x_normal.jpg,,,,,2026-05-01 09:41:23,,
752216155973120000,b_natou,,,,"Montréal, Québec",,,31017,843,1818,1818,85247,26,"Soutien à la Palestine et à l'Ukraine
⚜ indépendantiste ⚜
(image de profil : ""Exodus"" de  Cathy Wilcox. https://t.co/mp1OFnaeXf)",,,,,2016-07-10,https://pbs.twimg.com/profile_images/1725216608228962304/Xd5ZmdBI_normal.jpg,,,,,2026-05-01 09:41:23,,1
1753870111100866560,Noor_Vatan,,,,,,,1229,39,95,95,2044,,Strength in the heart; Vatan in the soul. 💚🕊️♥️,,,,,2024-02-03,https://pbs.twimg.com/profile_images/2011310622487502848/7OyguujX_normal.jpg,,,,,2026-05-01 09:41:23,,
1664405585998249986,v30903,,,,,,,14446,290,1387,1387,26964,1,"""As long as you are standing, give a hand to those who have fallen.""
- Persian Proverb #WomanLifeFreedom",,,,,2023-06-02,https://pbs.twimg.com/profile_images/1934834024423542789/wAUSa77h_normal.jpg,http://feministglobalresistance.com,,,,2026-05-01 09:41:23,,
1746427009365049344,ayeshadequeiroz,,,,🫸 🔺 🫷,,,109280,1390,2446,2446,79849,11,"That one... when she looks at you, you can see she's working things out. It's why we have to feed them like this; she had them all attacking the fences...",,,,,2024-01-14,https://pbs.twimg.com/profile_images/1746428879156502528/aJpIVlNC_normal.jpg,https://youtu.be/p5yza2YWmDA?si=qmhn1AeBLWEOnHC1,,,,2026-05-01 09:41:23,,1
2028970033104490496,PontesCris14313,,,,🇪🇸,,,1761,38,57,57,9295,,,,,,,2026-03-04,https://pbs.twimg.com/profile_images/2042477263728623617/QeIY3vFH_normal.jpg,,,,,2026-05-01 09:41:23,,
1255946016987193350,Iris2465,,,,Louisiana,,,42528,900,2124,2124,148315,1,"Louisiana girl, dog lover, USAF vet, I will live to see Palestine free so help me God",,,,,2020-04-30,https://pbs.twimg.com/profile_images/2029395188808921088/-pWPoQdS_normal.jpg,,,,,2026-05-01 09:41:23,,
1176987653109161984,hich1360,,,,Tehran,,,28629,627,723,723,44324,7,دوستدار ایران_ نیمه مهندس_ مریضِ پیگیری اخبار_ ۷۲ ملت را دیده_ کارشناس همه چیز منهای یک چیز.,,,,,2019-09-26,https://pbs.twimg.com/profile_images/1406031772064923648/LmGlA-D2_normal.jpg,,,,,2026-05-01 09:42:19,,
1156404888018006016,Truescorpio4u,,,,America,,,102519,59,169,169,27328,,"Not a member of the 1 Party System.

Democrats=Republicans=Both Support The Oligarchs.

A Democrat no more! A never republican!

Strictly Independent!✌🏾",,,,,2019-07-31,https://pbs.twimg.com/profile_images/1789267158188412928/4x-len1M_normal.jpg,,,,,2026-05-01 09:42:19,,
1304092592456388608,CarlGranjero,,,,,,,11098,178,724,724,38199,2,"The game is rigged, but you cannot lose if you do not play.
By their actions shall you know them.
I have an army of sex bot followers.",,,,,2020-09-10,https://pbs.twimg.com/profile_images/1347241391743709190/APw5m9JQ_normal.jpg,,,,,2026-05-01 09:42:19,,
1594807201603919885,MoSoKa75,,,,,,,6560,57,9,9,2106,19,Don't feed the Trolls!,,,,,2022-11-22,https://pbs.twimg.com/profile_images/1594844317360832512/azlT-XA3_normal.jpg,,,,,2026-05-01 09:42:19,,1
1370929131941150720,AvaBrm,,,,,,,767,34,97,97,1634,1,The time that people are waking up to the fabricated lies that was fed to them and standing up against the pedo elite. and here we are … asking for royalty? 🤯,,,,,2021-03-14,https://pbs.twimg.com/profile_images/2048965016217649152/ghY1TS_5_normal.jpg,,,,,2026-05-01 09:42:19,,
4765169125,Mindcite_US,,,,Divided States of America ,,,133683,31630,6264,6264,112306,81,"Writer/artist+meme maker firing up resistance bc democracy dies in fascist lies! 🇺🇸 🗽 🇺🇦 Mindcite® on Bluesky, Insta, FB + merch: https://t.co/7IySdRkqzq",,,,,2016-01-16,https://pbs.twimg.com/profile_images/1063584123393052672/3rWH816a_normal.jpg,http://www.mindcite.us,,,,2026-05-01 09:43:01,,
1984022259242070016,QtrRobt,,,,,,,1024,34,12,12,233,,,,,,,2025-10-31,https://pbs.twimg.com/profile_images/1984023039508377600/ZLmAvx9l_normal.jpg,,,,,2026-05-01 09:43:01,,1
1339198501763362818,lla_rall,,,,,,,2020,67,1070,1070,702,,Savage Mind | 🪬 | Tranquility in Chaotic,,,,,2020-12-16,https://pbs.twimg.com/profile_images/1808621510611120129/4jZjkf_o_normal.jpg,,,,,2026-05-01 09:43:01,,
1269363201726013440,ReutterDavid,,,,Mogambo Bunker of Doom,,,10645,337,248,248,5977,1,retiredlushinahammock,,,,,2020-06-06,https://pbs.twimg.com/profile_images/1269364484465811457/Aft-zcye_normal.jpg,https://theranthole248389156.wordpress.com,,,,2026-05-01 09:43:01,,
1952048682112577537,Lionness1019,,,,,,,18806,336,1243,1243,41024,9,,,,,,2025-08-03,https://pbs.twimg.com/profile_images/1952048774366236672/AXvKGNIP_normal.png,,,,,2026-05-01 09:43:03,,
