index_on_page,tweet_id,tweet_permalink_path,in_reply_to_user,in_reply_to_tweet,quoted_tweet_id,user_screen_name,user_id,user_name,user_location,user_timezone,user_lang,user_bio,user_image_url,date_time,tweet_date,coordinates_long,coordinates_lat,country,location_fullname,location_name,location_type,raw_text,clear_text,user_verified,hashtags,responses_to_tweeter,urls,user_mentions,tweet_language,filter_level,is_retweet,is_quote,is_reply,is_referenced,retweeted_tweet_id,retweeted_user_id,retweeter_ids,is_message,has_image,media_link,has_video,has_link,links,expanded_links,retweets,quotes,favorites,replies,source,mentions_of_tweeter,context_annotations,possibly_sensitive,conversation_id,withheld_copyright,withheld_in_countries,withheld_scope,is_protected_or_deleted,retweeter_api_cursor,views,blue_verified,video_views,user_geo_enabled
1,2049885268069560550,https://x.com/aj_observations/status/2049885268069560550,Aly_jezzini,2049855613295829224,,aj_observations,248352630,,Always on the move,,,"Geopolitics, and yeah, the conflict between Russia and Ukraine. DMS CLOSED!",https://pbs.twimg.com/profile_images/1917705925726539776/7UavWqMy_normal.jpg,2026-04-30 19:15:07,2026-04-30 00:00:00,,,,,,,@Aly_jezzini @tparsi @ExplosiveMediaa There are now dozens of channels working on AI videos,@Aly_jezzini @tparsi @ExplosiveMediaa There are now dozens of channels working on AI videos,0,,,,Aly_jezzini tparsi ExplosiveMediaa,en,,,,1,,,,,,,,,,,,0,0,3,0,Twitter for Android,,,,,,,,,,62,0,0,0
2,2050028646933356657,https://x.com/b_schoendorff/status/2050028646933356657,nodegeneracy,2050027334334394731,,b_schoendorff,16961696,,Occupied Turtle Island,,,"Foot soldier, Unit 2027, Shitposting division, Psychological Brigades of the Free People of the World. 

""The final battle has begun, shitpost them to hell!""",https://pbs.twimg.com/profile_images/2037647500820275200/kqh9YL5h_normal.jpg,2026-05-01 04:44:51,2026-05-01 00:00:00,,,,,,,"@nodegeneracy @ExplosiveMediaa So, White European","@nodegeneracy @ExplosiveMediaa So, White European",0,,,,nodegeneracy ExplosiveMediaa,en,,,,1,,,,,,,,,,,,0,0,0,1,Twitter Web App,,,,,,,,,,27,1,0,0
3,2049979330013630668,https://x.com/Vidyut/status/2049979330013630668,,,,Vidyut,15199808,,India,,,"Sci-fi writer. Creativity is life. Compassion is soul. || Aspiring social reformer || Prime Minister, #AltSarkar",https://pbs.twimg.com/profile_images/1940189638385082368/jSjPxUs3_normal.jpg,2026-05-01 01:28:53,2026-05-01 00:00:00,,,,,,,"I need an Iranian animation where Trump decides he needs a flying carpet to get across Hormuz, but alas, those too are found in Iranian shops.

cc @ExplosiveMediaa","I need an Iranian animation where Trump decides he needs a flying carpet to get across Hormuz, but alas, those too are found in Iranian shops.

cc @ExplosiveMediaa",0,,,,ExplosiveMediaa,en,,,,,,,,,,,,,,,,0,0,0,0,Twitter Web App,,,,,,,,,,26,1,0,0
4,2049928356221866447,https://x.com/Sofya_salam/status/2049928356221866447,b_schoendorff,2049928001480015878,,Sofya_salam,1343746309992288258,,Taqwa: Awareness of Allah ,,,"O'Allah, what did he find who lost You - What did he lose who found You.
Quran | عدل | Beyond Sect | Beyond Side",https://pbs.twimg.com/profile_images/1586038318680010752/n-srKOnj_normal.jpg,2026-04-30 22:06:20,2026-04-30 00:00:00,,,,,,,@b_schoendorff @ExplosiveMediaa Yes!! 😅,@b_schoendorff @ExplosiveMediaa Yes!! 😅,0,,,,b_schoendorff ExplosiveMediaa,und,,,,1,,,,,,,,,,,,0,0,2,1,Twitter Web App,,,,,,,,,,70,1,0,0
5,2049905747623055634,https://x.com/FindingHolm/status/2049905747623055634,FindingHolm,2049904162599764367,,FindingHolm,1243640695681765376,,"Portland, OR",,,Pro-Humanity Anti-Imperialist 💕 We must RESIST the Corporate Political Oligarchy & help birth The New Multipolar World of Peace 🌏 #ProtectPainPatients,https://pbs.twimg.com/profile_images/1908594316865572864/VtW9uOP__normal.jpg,2026-04-30 20:36:30,2026-04-30 00:00:00,,,,,,,@VanessaBeeley @FiorellaIsabelM Shout out to @HemmatMahdi &amp; @ExplosiveMediaa for the Lego News Art Videos 🙏 https://t.co/RRCj2sRGwv,@VanessaBeeley @FiorellaIsabelM Shout out to @HemmatMahdi &amp; @ExplosiveMediaa for the Lego News Art Videos 🙏 https://t.co/RRCj2sRGwv,0,,,,VanessaBeeley FiorellaIsabelM HemmatMahdi ExplosiveMediaa,en,,,,1,,,,,,,https://pbs.twimg.com/tweet_video_thumb/HHK6aVQbMAAXZbT.jpg,1,,,,0,0,0,0,Twitter for iPhone,,,,,,,,,,15,0,0,0
6,2049917406244384888,https://x.com/b_schoendorff/status/2049917406244384888,Bulldoggravy,2049916847600882107,,b_schoendorff,16961696,,Occupied Turtle Island,,,"Foot soldier, Unit 2027, Shitposting division, Psychological Brigades of the Free People of the World. 

""The final battle has begun, shitpost them to hell!""",https://pbs.twimg.com/profile_images/2037647500820275200/kqh9YL5h_normal.jpg,2026-04-30 21:22:49,2026-04-30 00:00:00,,,,,,,@Bulldoggravy @ExplosiveMediaa 🫡,@Bulldoggravy @ExplosiveMediaa 🫡,0,,,,Bulldoggravy ExplosiveMediaa,qme,,,,1,,,,,,,,,,,,0,0,1,0,Twitter Web App,,,,,,,,,,7,1,0,0
7,2049918180190032230,https://x.com/pathfinder_tua/status/2049918180190032230,b_schoendorff,2049580215941112047,,pathfinder_tua,561293521,,🌍🩵🧠✨,,,👋 You'll find it if you explore around 👉 | Timeline | Highlights | Community | 💫,https://pbs.twimg.com/profile_images/2009304785569095680/E5XandXq_normal.jpg,2026-04-30 21:25:54,2026-04-30 00:00:00,,,,,,,@b_schoendorff @ExplosiveMediaa Facts. The videos are great and shows the depth of the Iranian mind. Whats great is the collective unity of that mindset in an organized manner.,@b_schoendorff @ExplosiveMediaa Facts. The videos are great and shows the depth of the Iranian mind. Whats great is the collective unity of that mindset in an organized manner.,0,,,,b_schoendorff ExplosiveMediaa,en,,,,1,,,,,,,,,,,,1,0,3,0,Twitter for iPhone,,,,,,,,,,151,1,0,0
8,2049961701278187680,https://x.com/qcCultural/status/2049961701278187680,ExplosiveMediaa,2049956261009990016,2049588771956683195,qcCultural,15896379,,Portugal,,,"Global Citizen, a person.
Writing, witnessing, remembering.
Saif Gaddafi.
3×3=3.",https://pbs.twimg.com/profile_images/2035742618718797824/jP7GXp-A_normal.jpg,2026-05-01 00:18:50,2026-05-01 00:00:00,,,,,,,"@ExplosiveMediaa @KUTUBProduction My challenge: 
a Duchamp moment on X
👇
https://t.co/TsQYscVB2G","@ExplosiveMediaa @KUTUBProduction My challenge: 
a Duchamp moment on X
👇
https://t.co/TsQYscVB2G",0,,,,ExplosiveMediaa KUTUBProduction,en,,,1,1,,,,,,,,,1,https://t.co/TsQYscVB2G,https://x.com/i/status/2049588771956683195,0,0,0,0,Twitter for Android,,,,,,,,,,29,1,0,0
9,2049588771956683195,https://x.com/qcCultural/status/2049588771956683195,,,,qcCultural,15896379,,Portugal,,,"Global Citizen, a person.
Writing, witnessing, remembering.
Saif Gaddafi.
3×3=3.",https://pbs.twimg.com/profile_images/2035742618718797824/jP7GXp-A_normal.jpg,2026-04-29 23:36:57,2026-04-29 00:00:00,,,,,,,"My personal stand on X and its narrative on algorithmic rhetoric, and so-called ""quality detection"". 

X is in deep need of a Duchamp moment. https://t.co/6OirgTzBAB","My personal stand on X and its narrative on algorithmic rhetoric, and so-called ""quality detection"". 

X is in deep need of a Duchamp moment. https://t.co/6OirgTzBAB",0,,,,,en,,,,,,,,,,1,https://pbs.twimg.com/media/HHGZsAcX0AA5j2t.png,,,,,1,1,1,0,Twitter Web App,,,,,,,,,,147,1,0,0
10,2049857869369983235,https://x.com/PeterFreit35313/status/2049857869369983235,b_schoendorff,2049580215941112047,,PeterFreit35313,1844106433475854336,,Luxembourg,,,"I am an activist and politician in Luxembourg (Europe). If you like, tipping is appreciated 😊.",https://pbs.twimg.com/profile_images/1844107113875771393/qnOP2Dlm_normal.jpg,2026-04-30 17:26:15,2026-04-30 00:00:00,,,Luxembourg,Luxembourg,Luxembourg,city,"@b_schoendorff @ExplosiveMediaa I don't have so many words for it, but in a nutshell, the Iranian LEGO videos are flawless, not a single mistake. That's their exact power. I  have deep admiration for these masterpieces, even if I don't exactly agree with the content of all of them. 😎😎😎 These people know 100%","@b_schoendorff @ExplosiveMediaa I don't have so many words for it, but in a nutshell, the Iranian LEGO videos are flawless, not a single mistake. That's their exact power. I  have deep admiration for these masterpieces, even if I don't exactly agree with the content of all of them. 😎😎😎 These people know 100%",0,,,,b_schoendorff ExplosiveMediaa,en,,,,1,,,,,,,,,,,,0,0,8,0,Twitter for Android,,,,,,,,,,123,1,0,1
11,2049896921138147745,https://x.com/ChristinaSFLaw/status/2049896921138147745,,,2049891608192049177,ChristinaSFLaw,82373091,,"Vancouver, British Columbia",,,"Radical lawyer, author of ""If Beaver Fights Eagle""; Bane of Fash 🏴✊; political exile; She/Her #IchBinAntifa #ResistTrump ; Substack @christinadiedoardo",https://pbs.twimg.com/profile_images/2027937626238685189/if-8kB18_normal.jpg,2026-04-30 20:01:25,2026-04-30 00:00:00,,,,,,,Happy Persian Gulf Day! :) ❤️,Happy Persian Gulf Day! :) ❤️,0,,,,,en,,,1,,,,,,,,,,,,,0,0,1,0,Twitter for iPhone,,,,,,,,,,16,0,0,0
12,2049891608192049177,https://x.com/ExplosiveMediaa/status/2049891608192049177,,,,ExplosiveMediaa,2031492622968303620,,Iran,,,"Iranian Lego-style animation team. Fast, Instant, Explosive🔥🤞.
.
.
Lego Resistance Front
#LRF",https://pbs.twimg.com/profile_images/2039670351412760577/MlFKVB2z_normal.jpg,2026-04-30 19:40:19,2026-04-30 00:00:00,,,,,,,"From Darius the Great to Mir Mahna,
From Delvari to Tangsiri…
The Persian Gulf is ours.

Happy Persian Gulf Day — April 30. https://t.co/CPdCymQlGR","From Darius the Great to Mir Mahna,
From Delvari to Tangsiri…
The Persian Gulf is ours.

Happy Persian Gulf Day — April 30. https://t.co/CPdCymQlGR",0,,,,,en,,,,,,,,,,,https://pbs.twimg.com/ext_tw_video_thumb/2049891545004769280/pu/img/UAP0L6TyiQHJAoDz.jpg,1,,,,616,15,2006,33,Twitter for Android,,,,,,,,,,39254,1,0,0
13,2049944474315337914,https://x.com/ExplosiveMediaa/status/2049944474315337914,Jordan7th,2049915223146951072,,ExplosiveMediaa,2031492622968303620,,Iran,,,"Iranian Lego-style animation team. Fast, Instant, Explosive🔥🤞.
.
.
Lego Resistance Front
#LRF",https://pbs.twimg.com/profile_images/2039670351412760577/MlFKVB2z_normal.jpg,2026-04-30 23:10:23,2026-04-30 00:00:00,,,,,,,@Jordan7th Titanic wasn't supposed to sink either 😁,@Jordan7th Titanic wasn't supposed to sink either 😁,0,,,,Jordan7th,en,,,,1,,,,,,,,,,,,0,0,14,1,Twitter for Android,,,,,,,,,,178,1,0,0
14,2049926211527143701,https://x.com/b_schoendorff/status/2049926211527143701,mosbatboy,2049859675957428727,,b_schoendorff,16961696,,Occupied Turtle Island,,,"Foot soldier, Unit 2027, Shitposting division, Psychological Brigades of the Free People of the World. 

""The final battle has begun, shitpost them to hell!""",https://pbs.twimg.com/profile_images/2037647500820275200/kqh9YL5h_normal.jpg,2026-04-30 21:57:49,2026-04-30 00:00:00,,,,,,,@mosbatboy @ExplosiveMediaa Thank you kindly for translating my tweet into Farsi.,@mosbatboy @ExplosiveMediaa Thank you kindly for translating my tweet into Farsi.,0,,,,mosbatboy ExplosiveMediaa,en,,,,1,,,,,,,,,,,,0,0,1,1,Twitter Web App,,,,,,,,,,38,1,0,0
15,2049939761217835457,https://x.com/b_schoendorff/status/2049939761217835457,anniefofani,2049938449059422292,,b_schoendorff,16961696,,Occupied Turtle Island,,,"Foot soldier, Unit 2027, Shitposting division, Psychological Brigades of the Free People of the World. 

""The final battle has begun, shitpost them to hell!""",https://pbs.twimg.com/profile_images/2037647500820275200/kqh9YL5h_normal.jpg,2026-04-30 22:51:39,2026-04-30 00:00:00,,,,,,,@anniefofani @ExplosiveMediaa 🫡,@anniefofani @ExplosiveMediaa 🫡,0,,,,anniefofani ExplosiveMediaa,qme,,,,1,,,,,,,,,,,,0,0,0,0,Twitter Web App,,,,,,,,,,8,1,0,0
16,2049811631555637267,https://x.com/Kathleen_Tyson_/status/2049811631555637267,b_schoendorff,2049580215941112047,,Kathleen_Tyson_,1514536620762054661,,London,,,"Global liquidity plumber (triparty repo, FX & optimisation), long ago central banker & author Multicurrency Mercantilism: The New International Monetary Order.",https://pbs.twimg.com/profile_images/1800497505152438272/z7QZGhOM_normal.jpg,2026-04-30 14:22:31,2026-04-30 00:00:00,,,,,,,"@b_schoendorff @ExplosiveMediaa I was thinking a few months ago back that Freudian psychiatry and Chicago School economics were two of the most harmful, misguided phenomena in 20th century.","@b_schoendorff @ExplosiveMediaa I was thinking a few months ago back that Freudian psychiatry and Chicago School economics were two of the most harmful, misguided phenomena in 20th century.",0,,,,b_schoendorff ExplosiveMediaa,en,,,,1,,,,,,,,,,,,4,0,51,7,Twitter for iPad,,,,,,,,,,838,1,0,0
17,2049931398379602060,https://x.com/b_schoendorff/status/2049931398379602060,mosbatboy,2049928274524934387,,b_schoendorff,16961696,,Occupied Turtle Island,,,"Foot soldier, Unit 2027, Shitposting division, Psychological Brigades of the Free People of the World. 

""The final battle has begun, shitpost them to hell!""",https://pbs.twimg.com/profile_images/2037647500820275200/kqh9YL5h_normal.jpg,2026-04-30 22:18:25,2026-04-30 00:00:00,,,,,,,"@mosbatboy @ExplosiveMediaa You 100% should, and if you need advice on the latest of what scientific psychology tells us about the emergence of language and identities, I'll be there for you. :)","@mosbatboy @ExplosiveMediaa You 100% should, and if you need advice on the latest of what scientific psychology tells us about the emergence of language and identities, I'll be there for you. :)",0,,,,mosbatboy ExplosiveMediaa,en,,,,1,,,,,,,,,,,,0,0,0,0,Twitter Web App,,,,,,,,,,12,1,0,0
18,2049924191982387242,https://x.com/kesic_ivan/status/2049924191982387242,AvaBrm,2049891780556935354,,kesic_ivan,1675775490429255680,,"Tehran, Iran",,,"No views, just facts.",https://pbs.twimg.com/profile_images/1697825233036533760/nN7Z5mH-_normal.jpg,2026-04-30 21:49:47,2026-04-30 00:00:00,,,,,,,"@AvaBrm @ExplosiveMediaa HB!
I don’t want to sound antisemitic, but any free cookies?","@AvaBrm @ExplosiveMediaa HB!
I don’t want to sound antisemitic, but any free cookies?",0,,,,AvaBrm ExplosiveMediaa,en,,,,1,,,,,,,,,,,,0,0,1,1,Twitter Web App,,,,,,,,,,27,0,0,0
19,2049902948319183205,https://x.com/gggg45466/status/2049902948319183205,,,2049891608192049177,gggg45466,138530001,,"Lazio, Italia",,,🩶🤍📍🤍🩶,https://pbs.twimg.com/profile_images/2044068851147735040/SHxo1eT-_normal.jpg,2026-04-30 20:25:22,2026-04-30 00:00:00,,,,,,,😉👑,😉👑,0,,,,,art,,,1,,,,,,,,,,,,,0,0,2,0,Twitter for Android,,,,,,,,,,8,0,0,0
20,2049923106320650379,https://x.com/TheTopSecrets6/status/2049923106320650379,,,2049891608192049177,TheTopSecrets6,945487277156732928,,,,,Welcome to the OFFICIAL Twitter account  of The Top Secrets society,https://pbs.twimg.com/profile_images/1921655336605257728/wyLCje32_normal.jpg,2026-04-30 21:45:28,2026-04-30 00:00:00,,,,,,,"It was, is and always will be Persian gulf, inshallah 💪🏻","It was, is and always will be Persian gulf, inshallah 💪🏻",0,,,,,en,,,1,,,,,,,,,,,,,0,0,3,0,Twitter for Android,,,,,,,,,,32,0,0,0
21,2049887257579135274,https://x.com/AnaEscobarShow/status/2049887257579135274,DKLarge2,2049880432452522339,,AnaEscobarShow,1329106302321139712,,,,,“like if Ana Kasparian also liked sports” | based | Christ is King 👑,https://pbs.twimg.com/profile_images/2037228568342933504/mLFiYRij_normal.jpg,2026-04-30 19:23:01,2026-04-30 00:00:00,,,,,,,@DKLarge2 @tparsi @ExplosiveMediaa They said they have friends in Cali and family in Detroit you think there are no Iranians who want unity,@DKLarge2 @tparsi @ExplosiveMediaa They said they have friends in Cali and family in Detroit you think there are no Iranians who want unity,0,,,,DKLarge2 tparsi ExplosiveMediaa,en,,,,1,,,,,,,,,,,,0,0,1,1,Twitter for iPhone,,,,,,,,,,25,1,0,0
22,2049955111368053242,https://x.com/ProfHall1955/status/2049955111368053242,Kathleen_Tyson_,2049811631555637267,,ProfHall1955,1736788266391605248,,Newcastle upon Tyne,,,Prof. Ultra-Realism. Criminology. Sociology. Economic History. Neuropsychology. Anthropology. Political Theory. WPB.,https://pbs.twimg.com/profile_images/1954294945247903744/pUFeNFA6_normal.jpg,2026-04-30 23:52:39,2026-04-30 00:00:00,,,,,,,@Kathleen_Tyson_ @Farz_Zaad @b_schoendorff @ExplosiveMediaa Then there's French post-structuralism and postmodernism. Classic Freudianism was simplistic but Lacan was interesting - his 'Imaginary' is where Chicago School economics suspended us for all these years.,@Kathleen_Tyson_ @Farz_Zaad @b_schoendorff @ExplosiveMediaa Then there's French post-structuralism and postmodernism. Classic Freudianism was simplistic but Lacan was interesting - his 'Imaginary' is where Chicago School economics suspended us for all these years.,0,,,,Kathleen_Tyson_ Farz_Zaad b_schoendorff ExplosiveMediaa,en,,,,1,,,,,,,,,,,,0,0,1,0,Twitter for Android,,,,,,,,,,28,0,0,0
23,444761902,https://x.com/i/status/444761902,,,,,,,,,,,,,,,,,,,,,,0,,,,,,,,,,,,,,,,,,,,,0,0,0,0,,,,,,,,,,,0,0,0,0
24,1249420694074482689,https://x.com/i/status/1249420694074482689,,,,,,,,,,,,,,,,,,,,,,0,,,,,,,,,,,,,,,,,,,,,0,0,0,0,,,,,,,,,,,0,0,0,0
25,34743251,https://x.com/i/status/34743251,,,,,,,,,,,,,,,,,,,,,,0,,,,,,,,,,,,,,,,,,,,,0,0,0,0,,,,,,,,,,,0,0,0,0
26,2049968677806567487,https://x.com/truthtotweet/status/2049968677806567487,ExplosiveMediaa,2049944474315337914,,truthtotweet,2192887524,,Anywhere I want to be.,,,Lists/trolls will be #BLOCKED.¯\_(ツ)_/¯,https://pbs.twimg.com/profile_images/1350626715551342592/5h14d8Lz_normal.jpg,2026-05-01 00:46:34,2026-05-01 00:00:00,,,,,,,@ExplosiveMediaa 😆👍,@ExplosiveMediaa 😆👍,0,,,,ExplosiveMediaa,qme,,,,1,,,,,,,,,,,,0,0,0,0,Twitter Web App,,,,,,,,,,11,0,0,0
27,2049948125616308656,https://x.com/rahimlue_ali/status/2049948125616308656,ExplosiveMediaa,2049891608192049177,,rahimlue_ali,1793038759253979136,,Iran,,,"Iranian academic/Political commentator

یک جان ناقابل فدا",https://pbs.twimg.com/profile_images/1846646268681924608/gBgjkG-w_normal.jpg,2026-04-30 23:24:53,2026-04-30 00:00:00,,,,,,,"@ExplosiveMediaa Man, you guys are amazing!
Knowing there's a TIME for everything is a virtue most people don't possess.
You do.
It's impressive.
It's empowering.
It's priceless.
❤️
@ExplosiveMediaa","@ExplosiveMediaa Man, you guys are amazing!
Knowing there's a TIME for everything is a virtue most people don't possess.
You do.
It's impressive.
It's empowering.
It's priceless.
❤️
@ExplosiveMediaa",0,,,,ExplosiveMediaa ExplosiveMediaa,en,,,,1,,,,,,,,,,,,0,0,1,0,Twitter for Android,,,,,,,,,,33,0,0,0
28,2049914425897882103,https://x.com/b_schoendorff/status/2049914425897882103,,,2049859675957428727,b_schoendorff,16961696,,Occupied Turtle Island,,,"Foot soldier, Unit 2027, Shitposting division, Psychological Brigades of the Free People of the World. 

""The final battle has begun, shitpost them to hell!""",https://pbs.twimg.com/profile_images/2037647500820275200/kqh9YL5h_normal.jpg,2026-04-30 21:10:59,2026-04-30 00:00:00,,,,,,,"OMG, my first ever tweet translated into Farsi! I feel like my life has not been in vain! @ExplosiveMediaa","OMG, my first ever tweet translated into Farsi! I feel like my life has not been in vain! @ExplosiveMediaa",0,,,,ExplosiveMediaa,en,,,1,,,,,,,,,,,,,0,0,4,1,Twitter Web App,,,,,,,,,,115,1,0,0
29,2049859675957428727,https://x.com/mosbatboy/status/2049859675957428727,,,2049580215941112047,mosbatboy,68650887,,,,,,https://pbs.twimg.com/profile_images/653588050732261377/nwLO46qu_normal.jpg,2026-04-30 17:33:25,2026-04-30 00:00:00,,,,,,,"چرا ویدیوهای لگوی @ExplosiveMediaa، فراتر از استعداد شگفت‌انگیز و غیرقابل‌انکار سازندگانشان، در حال پیروز شدن در نبرد روایت‌ها به نفع ایران هستند؟

در اینجا برداشت خودم را از منظر روان‌شناسی علمی بیان می‌کنم.

در دورانی که «امپراتوریِ سفید» (امپریالیسم غرب) جنگ را پیش از هر چیز","چرا ویدیوهای لگوی @ExplosiveMediaa، فراتر از استعداد شگفت‌انگیز و غیرقابل‌انکار سازندگانشان، در حال پیروز شدن در نبرد روایت‌ها به نفع ایران هستند؟

در اینجا برداشت خودم را از منظر روان‌شناسی علمی بیان می‌کنم.

در دورانی که «امپراتوریِ سفید» (امپریالیسم غرب) جنگ را پیش از هر چیز",0,,,,ExplosiveMediaa,fa,,,1,,,,,,,,,,,,,8,1,47,1,Twitter for Android,,,,,,,,,,1670,1,0,0
30,2049909009407250777,https://x.com/kootlaass/status/2049909009407250777,ExplosiveMediaa,2049891608192049177,,kootlaass,1808936723487076352,,,,,IRAN,https://pbs.twimg.com/profile_images/1882191246719877120/DHTvYu1Q_normal.jpg,2026-04-30 20:49:27,2026-04-30 00:00:00,,,,,,,@ExplosiveMediaa #persiangulf  #خليج_فارس  #minab168,@ExplosiveMediaa #persiangulf  #خليج_فارس  #minab168,0,persiangulf minab168,,,ExplosiveMediaa,qme,,,,1,,,,,,,,,,,,0,0,1,0,Twitter for iPhone,,,,,,,,,,45,0,0,0
31,2049968394636833243,https://x.com/anniefofani/status/2049968394636833243,ExplosiveMediaa,2049967759963087063,,anniefofani,306012283,,,,,,https://pbs.twimg.com/profile_images/1563504465902063616/-ifdXVOo_normal.jpg,2026-05-01 00:45:26,2026-05-01 00:00:00,,,,,,,@ExplosiveMediaa guess y'all have been around the block a few times!,@ExplosiveMediaa guess y'all have been around the block a few times!,0,,,,ExplosiveMediaa,en,,,,1,,,,,,,,,,,,0,0,3,0,Twitter Web App,,,,,,,,,,63,1,0,0
32,2049931449499853043,https://x.com/b_schoendorff/status/2049931449499853043,Sofya_salam,2049928356221866447,,b_schoendorff,16961696,,Occupied Turtle Island,,,"Foot soldier, Unit 2027, Shitposting division, Psychological Brigades of the Free People of the World. 

""The final battle has begun, shitpost them to hell!""",https://pbs.twimg.com/profile_images/2037647500820275200/kqh9YL5h_normal.jpg,2026-04-30 22:18:38,2026-04-30 00:00:00,,,,,,,@Sofya_salam @ExplosiveMediaa lol,@Sofya_salam @ExplosiveMediaa lol,0,,,,Sofya_salam ExplosiveMediaa,und,,,,1,,,,,,,,,,,,0,0,0,2,Twitter Web App,,,,,,,,,,66,1,0,0
33,2049782490714313198,https://x.com/ExplosiveMediaa/status/2049782490714313198,,,,ExplosiveMediaa,2031492622968303620,,Iran,,,"Iranian Lego-style animation team. Fast, Instant, Explosive🔥🤞.
.
.
Lego Resistance Front
#LRF",https://pbs.twimg.com/profile_images/2039670351412760577/MlFKVB2z_normal.jpg,2026-04-30 12:26:43,2026-04-30 00:00:00,,,,,,,"On our Telegram channel, we share exclusive content just for our community.

There’s also a chat group where you can connect, hang out, and get to know other members better.

Join us:
https://t.co/LFCz9yHO3C https://t.co/QxoZwjVlDs","On our Telegram channel, we share exclusive content just for our community.

There’s also a chat group where you can connect, hang out, and get to know other members better.

Join us:
https://t.co/LFCz9yHO3C https://t.co/QxoZwjVlDs",0,,,,,en,,,,,,,,,,1,https://pbs.twimg.com/media/HHJKUAGXoAAJAwh.jpg,,1,https://t.co/LFCz9yHO3C,https://t.me/ExplosiveMedia,74,0,310,6,Twitter for Android,,,,,,,,,,7820,1,0,0
34,2049917303723028585,https://x.com/b_schoendorff/status/2049917303723028585,CarlGranjero,2049848126328943055,,b_schoendorff,16961696,,Occupied Turtle Island,,,"Foot soldier, Unit 2027, Shitposting division, Psychological Brigades of the Free People of the World. 

""The final battle has begun, shitpost them to hell!""",https://pbs.twimg.com/profile_images/2037647500820275200/kqh9YL5h_normal.jpg,2026-04-30 21:22:25,2026-04-30 00:00:00,,,,,,,@CarlGranjero @sveinless @ExplosiveMediaa https://t.co/FdymN67XPt @indica is my co-host on @PSF_Resistance and he's the one who inspired me to call it White Empire. https://t.co/Y7jegAZTnj,@CarlGranjero @sveinless @ExplosiveMediaa https://t.co/FdymN67XPt @indica is my co-host on @PSF_Resistance and he's the one who inspired me to call it White Empire. https://t.co/Y7jegAZTnj,0,,,,CarlGranjero sveinless ExplosiveMediaa indica PSF_Resistance,en,,,,1,,,,,,,,,1,https://t.co/FdymN67XPt https://t.co/Y7jegAZTnj,https://indi.ca https://resistanceisfertilepodcast.substack.com/,0,0,3,2,Twitter Web App,,,,,,,,,,35,1,0,0
35,https://t.co/FdymN67XPt,https://x.com/i/status/https://t.co/FdymN67XPt,,,,,,,,,,,,,,,,,,,,,,0,,,,,,,,,,,,,,,,,,,,,0,0,0,0,,,,,,,,,,,0,0,0,0
36,2049895345803452895,https://x.com/monarchistIRAN/status/2049895345803452895,ExplosiveMediaa,2049891608192049177,,monarchistIRAN,1247195838125924353,,"Versailles, France",,,ex-monarchist.iran . Supporter of Powerful Iran | IRGC & Iranian Army | ex-monarchist turned patriot - back-up account @exmonarchist,https://pbs.twimg.com/profile_images/1490746501718495237/7ynNJxfn_normal.jpg,2026-04-30 19:55:10,2026-04-30 00:00:00,,,,,,,@ExplosiveMediaa Happy Persian Gulf Day indeed 🤩🏆,@ExplosiveMediaa Happy Persian Gulf Day indeed 🤩🏆,0,,,,ExplosiveMediaa,en,,,,1,,,,,,,,,,,,0,0,2,0,Twitter for iPhone,,,,,,,,,,78,1,0,0
37,2049789076945928291,https://x.com/ExplosiveMediaa/status/2049789076945928291,hich1360,2049509149298282639,,ExplosiveMediaa,2031492622968303620,,Iran,,,"Iranian Lego-style animation team. Fast, Instant, Explosive🔥🤞.
.
.
Lego Resistance Front
#LRF",https://pbs.twimg.com/profile_images/2039670351412760577/MlFKVB2z_normal.jpg,2026-04-30 12:52:53,2026-04-30 00:00:00,,,,,,,@hich1360 مخلص 🫡,@hich1360 مخلص 🫡,0,,,,hich1360,ar,,,,1,,,,,,,,,,,,1,0,75,1,Twitter for Android,,,,,,,,,,700,1,0,0
38,2049901337047912698,https://x.com/DropSiteNews/status/2049901337047912698,nosoyyo7,2049878887950151714,,DropSiteNews,1776269230159147008,,,,,Independent news on politics and war. 📥 Secure tip line (Proton Mail): tips@dropsitesecure.com,https://pbs.twimg.com/profile_images/1962913354638385159/k0Gl4p3z_normal.jpg,2026-04-30 20:18:58,2026-04-30 00:00:00,,,,,,,@nosoyyo7 @ExplosiveMediaa It’s not QT-ing our Explosive interview.,@nosoyyo7 @ExplosiveMediaa It’s not QT-ing our Explosive interview.,1,,,,nosoyyo7 ExplosiveMediaa,en,,,,1,,,,,,,,,,,,0,0,0,0,Twitter for iPhone,,,,,,,,,,70,1,0,0
39,2049963903648399609,https://x.com/TurgayEvren1/status/2049963903648399609,,,,TurgayEvren1,373854815,,"İstanbul, Türkiye",,,"“The World Is Bigger Than Five”, “Shame”, “Absolutely Not”, ve “Kashmir Is My Name” şarkılarının söz yazarı. (Author, Songwriter and Composer)",https://pbs.twimg.com/profile_images/1375523159554809863/Dv0Y84mf_normal.jpg,2026-05-01 00:27:35,2026-05-01 00:00:00,,,,,,,"""The only place in the Persian Gulf for invaders is the bottom of its waters.""  https://t.co/hCfx9eM6dh","""The only place in the Persian Gulf for invaders is the bottom of its waters.""  https://t.co/hCfx9eM6dh",0,,,,,en,,,,,,,,,,,https://pbs.twimg.com/ext_tw_video_thumb/2049891545004769280/pu/img/UAP0L6TyiQHJAoDz.jpg,1,,,,6,0,15,0,Twitter for iPhone,,,,,,,,,,484,1,0,0
40,2050072044864508357,https://x.com/dina_sulaeman/status/2050072044864508357,,,,dina_sulaeman,1490536743137087490,,"Bandung, Jawa Barat",,,"Pengamat Timur Tengah, analis geopolitik, dosen HI. https://t.co/cqJKpzpUiL",https://pbs.twimg.com/profile_images/1678228753821097984/sqOv7wIg_normal.jpg,2026-05-01 07:37:18,2026-05-01 00:00:00,,,,,,,"30 April adalah ""Hari Teluk Persia.""
Dulu, di sana ada dinasti Raja Hormuz (abad ke-11 hingga ke-17), menguasai jalur perdagangan laut. 
Kini, Pemimpin Iran, Ayat. Mojtaba berkata: satu2nya tempat bagi para agresor Teluk Persia adalah di dasar laut.
 https://t.co/AyT2cP5D4D","30 April adalah ""Hari Teluk Persia.""
Dulu, di sana ada dinasti Raja Hormuz (abad ke-11 hingga ke-17), menguasai jalur perdagangan laut. 
Kini, Pemimpin Iran, Ayat. Mojtaba berkata: satu2nya tempat bagi para agresor Teluk Persia adalah di dasar laut.
 https://t.co/AyT2cP5D4D",0,,,,,in,,,,,,,,,,,https://pbs.twimg.com/ext_tw_video_thumb/2049891545004769280/pu/img/UAP0L6TyiQHJAoDz.jpg,1,,,,4,0,17,0,Twitter for Android,,,,,,,,,,352,1,0,0
41,2049929213407309963,https://x.com/Mauriello_R/status/2049929213407309963,,,2049891608192049177,Mauriello_R,49079553,,Tehran l Rome l Madrid,,,Historian and linguist specialising in Global Studies | Co-Editor @degruyter_brill & @palgrave | 🗣🇮🇹🇪🇸🇮🇷🇬🇧🇫🇷🇱🇧 | analysis ≠ advocacy | 😶 ≠ endorse,https://pbs.twimg.com/profile_images/2047748196982546432/PcREguG6_normal.jpg,2026-04-30 22:09:44,2026-04-30 00:00:00,,,,,,,😶,😶,0,,,,,art,,,1,,,,,,,,,,,,,0,0,0,0,Twitter for iPad,,,,,,,,,,72,0,0,0
42,2049824800349028381,https://x.com/b_schoendorff/status/2049824800349028381,briefasphotos,2049823372264255497,,b_schoendorff,16961696,,Occupied Turtle Island,,,"Foot soldier, Unit 2027, Shitposting division, Psychological Brigades of the Free People of the World. 

""The final battle has begun, shitpost them to hell!""",https://pbs.twimg.com/profile_images/2037647500820275200/kqh9YL5h_normal.jpg,2026-04-30 15:14:50,2026-04-30 00:00:00,,,,,,,"@briefasphotos @ExplosiveMediaa The thing with Freudian concepts, is the names stay but the content of the concept keeps shifting. It's exhausting.","@briefasphotos @ExplosiveMediaa The thing with Freudian concepts, is the names stay but the content of the concept keeps shifting. It's exhausting.",0,,,,briefasphotos ExplosiveMediaa,en,,,,1,,,,,,,,,,,,0,0,3,0,Twitter Web App,,,,,,,,,,207,1,0,0
43,2049786160453452063,https://x.com/ExplosiveMediaa/status/2049786160453452063,Terror_offline,2049612416569241815,,ExplosiveMediaa,2031492622968303620,,Iran,,,"Iranian Lego-style animation team. Fast, Instant, Explosive🔥🤞.
.
.
Lego Resistance Front
#LRF",https://pbs.twimg.com/profile_images/2039670351412760577/MlFKVB2z_normal.jpg,2026-04-30 12:41:18,2026-04-30 00:00:00,,,,,,,@Terror_offline 🤯💥 https://t.co/WqTJTRqFEC,@Terror_offline 🤯💥 https://t.co/WqTJTRqFEC,0,,,,Terror_offline,qme,,,,1,,,,,,1,https://pbs.twimg.com/media/HHJNpoNW4AA6duW.png,,,,,2,0,73,2,Twitter for Android,,,,,,,,,,1213,1,0,0
44,2049866230526345458,https://x.com/DropSiteNews/status/2049866230526345458,nosoyyo7,2049764499121459263,,DropSiteNews,1776269230159147008,,,,,Independent news on politics and war. 📥 Secure tip line (Proton Mail): tips@dropsitesecure.com,https://pbs.twimg.com/profile_images/1962913354638385159/k0Gl4p3z_normal.jpg,2026-04-30 17:59:28,2026-04-30 00:00:00,,,,,,,@nosoyyo7 @ExplosiveMediaa We didn’t say this was from Explosive Media.,@nosoyyo7 @ExplosiveMediaa We didn’t say this was from Explosive Media.,1,,,,nosoyyo7 ExplosiveMediaa,en,,,,1,,,,,,,,,,,,0,0,14,1,Twitter for iPhone,,,,,,,,,,524,1,0,0
45,2049931722230309259,https://x.com/MorenaMariaPa/status/2049931722230309259,,,2049891608192049177,MorenaMariaPa,1528774279764094977,,,,,Get your hopes up is the day that change everything you are the most greatest creation of the https://t.co/6v9S0JxDkg DM I’m MARRIED 67 years old. God bless America.,https://pbs.twimg.com/profile_images/1985875436572741632/tQPVz82t_normal.jpg,2026-04-30 22:19:43,2026-04-30 00:00:00,,,,,,,#PersianGulfForever,#PersianGulfForever,0,PersianGulfForever,,,,qht,,,1,,,,,,,,,,,,,1,0,2,0,Twitter for iPhone,,,,,,,,,,11,0,0,0
46,2049923162381623521,https://x.com/TheTopSecrets6/status/2049923162381623521,,,,TheTopSecrets6,945487277156732928,,,,,Welcome to the OFFICIAL Twitter account  of The Top Secrets society,https://pbs.twimg.com/profile_images/1921655336605257728/wyLCje32_normal.jpg,2026-04-30 21:45:42,2026-04-30 00:00:00,,,,,,,Persian gulf https://t.co/JROOpHfnAp,Persian gulf https://t.co/JROOpHfnAp,0,,,,,in,,,,,,,,,,,https://pbs.twimg.com/ext_tw_video_thumb/2049891545004769280/pu/img/UAP0L6TyiQHJAoDz.jpg,1,,,,0,0,1,0,Twitter for Android,,,,,,,,,,6,0,0,0
47,2049956766973149620,https://x.com/ExplosiveMediaa/status/2049956766973149620,HemmatMahdi,2049941854536581294,,ExplosiveMediaa,2031492622968303620,,Iran,,,"Iranian Lego-style animation team. Fast, Instant, Explosive🔥🤞.
.
.
Lego Resistance Front
#LRF",https://pbs.twimg.com/profile_images/2039670351412760577/MlFKVB2z_normal.jpg,2026-04-30 23:59:14,2026-04-30 00:00:00,,,,,,,@HemmatMahdi ❤️,@HemmatMahdi ❤️,0,,,,HemmatMahdi,qme,,,,1,,,,,,,,,,,,0,0,7,0,Twitter for Android,,,,,,,,,,60,1,0,0
48,2049967880859447361,https://x.com/elydia351/status/2049967880859447361,Jordan7th,2049914868875108675,,elydia351,1576668754062213123,,,,,Born in Brazil-ArsenalFC-classic films/tv-futebol. Greatest threat to global survival is US hegemony. End NATO. Israel is a terrorist state. Joined twitter 2009,https://pbs.twimg.com/profile_images/1831704179758243840/V0F4ezin_normal.jpg,2026-05-01 00:43:24,2026-05-01 00:00:00,,,,,,,@Jordan7th @ExplosiveMediaa how many times you going to post this crap?,@Jordan7th @ExplosiveMediaa how many times you going to post this crap?,0,,,,Jordan7th ExplosiveMediaa,en,,,,1,,,,,,,,,,,,0,0,0,0,Twitter Web App,,,,,,,,,,3,0,0,0
49,2049929606501896591,https://x.com/idertod/status/2049929606501896591,b_schoendorff,2049580215941112047,,idertod,1393944532132143106,,The Shawnee forest ,,,"Internationalist, autodidact, intellectual lumper synthesizing the Black Radical Tradition to abolish whiteness. Twelve years of treasonous unlearning. 󠁖☭ 󠁖",https://pbs.twimg.com/profile_images/1887650063805022208/tThiy6FC_normal.jpg,2026-04-30 22:11:18,2026-04-30 00:00:00,,,,,,,"@b_schoendorff @ExplosiveMediaa Great interview. It’s rare to hear pale-skinned Euro-Americans speak against whiteness and white supremacy in such uncompromising terms—it’s genuinely refreshing. There’s a long, powerful Race Traitor tradition we should be drawing from, with figures like Benjamin Lay and Ole","@b_schoendorff @ExplosiveMediaa Great interview. It’s rare to hear pale-skinned Euro-Americans speak against whiteness and white supremacy in such uncompromising terms—it’s genuinely refreshing. There’s a long, powerful Race Traitor tradition we should be drawing from, with figures like Benjamin Lay and Ole",0,,,,b_schoendorff ExplosiveMediaa,en,,,,1,,,,,,,,,,,,0,0,0,0,Twitter for Android,,,,,,,,,,50,0,0,0
50,2050006766889406676,https://x.com/FireKnight_750/status/2050006766889406676,ExplosiveMediaa,2049970286511136913,,FireKnight_750,1282011136297177089,,"Under SatanYahu’s bed,Isntreal",,,The spirt of resistance will NEVER be extinguished. #DeathtoTheIDF. fuck the Zionist entity and the UAE. LONG LIVE IRAN and its people !,https://pbs.twimg.com/profile_images/1951518092711899136/GKGep3Bz_normal.jpg,2026-05-01 03:17:55,2026-05-01 00:00:00,,,,,,,@ExplosiveMediaa @mb_ghalibaf 😭😭😭😭,@ExplosiveMediaa @mb_ghalibaf 😭😭😭😭,0,,,,ExplosiveMediaa mb_ghalibaf,qme,,,,1,,,,,,,,,,,,0,0,0,0,Twitter for iPhone,,,,,,,,,,130,0,0,0
51,2049917959250849831,https://x.com/ExplosiveMediaa/status/2049917959250849831,Sabael333,2049915742913429543,,ExplosiveMediaa,2031492622968303620,,Iran,,,"Iranian Lego-style animation team. Fast, Instant, Explosive🔥🤞.
.
.
Lego Resistance Front
#LRF",https://pbs.twimg.com/profile_images/2039670351412760577/MlFKVB2z_normal.jpg,2026-04-30 21:25:01,2026-04-30 00:00:00,,,,,,,@Sabael333 نه واقعا کانالی ندیدم این کارو بکنه..,@Sabael333 نه واقعا کانالی ندیدم این کارو بکنه..,0,,,,Sabael333,fa,,,,1,,,,,,,,,,,,0,0,1,1,Twitter for Android,,,,,,,,,,66,1,0,0
52,2049856814439653720,https://x.com/ExplosiveMediaa/status/2049856814439653720,rahimlue_ali,2049809602846335393,,ExplosiveMediaa,2031492622968303620,,Iran,,,"Iranian Lego-style animation team. Fast, Instant, Explosive🔥🤞.
.
.
Lego Resistance Front
#LRF",https://pbs.twimg.com/profile_images/2039670351412760577/MlFKVB2z_normal.jpg,2026-04-30 17:22:03,2026-04-30 00:00:00,,,,,,,@rahimlue_ali @Terror_offline 🫡🫡❤️,@rahimlue_ali @Terror_offline 🫡🫡❤️,0,,,,rahimlue_ali Terror_offline,qme,,,,1,,,,,,,,,,,,0,0,2,0,Twitter for Android,,,,,,,,,,36,1,0,0
53,2049938449059422292,https://x.com/anniefofani/status/2049938449059422292,ExplosiveMediaa,2049911158132363638,,anniefofani,306012283,,,,,,https://pbs.twimg.com/profile_images/1563504465902063616/-ifdXVOo_normal.jpg,2026-04-30 22:46:26,2026-04-30 00:00:00,,,,,,,@ExplosiveMediaa Thanks Benji! @b_schoendorff,@ExplosiveMediaa Thanks Benji! @b_schoendorff,0,,,,ExplosiveMediaa b_schoendorff,en,,,,1,,,,,,,,,,,,0,0,3,1,Twitter Web App,,,,,,,,,,47,1,0,0
54,2049912361868317165,https://x.com/ExplosiveMediaa/status/2049912361868317165,AvaBrm,2049891780556935354,,ExplosiveMediaa,2031492622968303620,,Iran,,,"Iranian Lego-style animation team. Fast, Instant, Explosive🔥🤞.
.
.
Lego Resistance Front
#LRF",https://pbs.twimg.com/profile_images/2039670351412760577/MlFKVB2z_normal.jpg,2026-04-30 21:02:47,2026-04-30 00:00:00,,,,,,,@AvaBrm Happy birthday Ava 🎈,@AvaBrm Happy birthday Ava 🎈,0,,,,AvaBrm,en,,,,1,,,,,,,,,,,,1,0,9,2,Twitter for Android,,,,,,,,,,315,1,0,0
55,2049955905744077115,https://x.com/b_schoendorff/status/2049955905744077115,Lionness1019,2049954187568386171,,b_schoendorff,16961696,,Occupied Turtle Island,,,"Foot soldier, Unit 2027, Shitposting division, Psychological Brigades of the Free People of the World. 

""The final battle has begun, shitpost them to hell!""",https://pbs.twimg.com/profile_images/2037647500820275200/kqh9YL5h_normal.jpg,2026-04-30 23:55:48,2026-04-30 00:00:00,,,,,,,@Lionness1019 @Farz_Zaad @AnaEscobarShow @ExplosiveMediaa You may enjoy this episode of our @PSF_Resistance podcast: https://t.co/GIXUi2uthX https://t.co/SOkUbg83Qd,@Lionness1019 @Farz_Zaad @AnaEscobarShow @ExplosiveMediaa You may enjoy this episode of our @PSF_Resistance podcast: https://t.co/GIXUi2uthX https://t.co/SOkUbg83Qd,0,,,,Lionness1019 Farz_Zaad AnaEscobarShow ExplosiveMediaa PSF_Resistance,en,,,,1,,,,,,1,https://pbs.twimg.com/media/HHLoBHuWYAADSi3.jpg,,1,https://t.co/GIXUi2uthX,https://resistanceisfertilepodcast.substack.com/p/the-inherent-strength-of-the-iranian?r=536168,1,0,2,0,Twitter Web App,,,,,,,,,,18,1,0,0
56,2049962206259814702,https://x.com/shawnwenzel/status/2049962206259814702,ExplosiveMediaa,2049956261009990016,,shawnwenzel,38492666,,Jamaica,,,Canadian guy enjoying the sun in Jamaica. Management / IT consultant and president of CaribTek.,https://pbs.twimg.com/profile_images/1782636240233263104/Tx7hrP4Z_normal.jpg,2026-05-01 00:20:51,2026-05-01 00:00:00,,,,,,,@ExplosiveMediaa @KUTUBProduction Done.,@ExplosiveMediaa @KUTUBProduction Done.,0,,,,ExplosiveMediaa KUTUBProduction,en,,,,1,,,,,,,,,,,,0,0,1,0,Twitter Web App,,,,,,,,,,11,0,0,0
57,2049934067349574131,https://x.com/ExplosiveMediaa/status/2049934067349574131,,,2049597488974192731,ExplosiveMediaa,2031492622968303620,,Iran,,,"Iranian Lego-style animation team. Fast, Instant, Explosive🔥🤞.
.
.
Lego Resistance Front
#LRF",https://pbs.twimg.com/profile_images/2039670351412760577/MlFKVB2z_normal.jpg,2026-04-30 22:29:02,2026-04-30 00:00:00,,,,,,,"This is an academic research project. If possible, please cooperate with our friend.
Thank you very much.","This is an academic research project. If possible, please cooperate with our friend.
Thank you very much.",0,,,,,en,,,1,,,,,,,,,,,,,72,0,300,2,Twitter for Android,,,,,,,,,,9304,1,0,0
58,2049597488974192731,https://x.com/Sabael333/status/2049597488974192731,,,,Sabael333,1777908168380846080,,United States,,,Sapere aude!,https://pbs.twimg.com/profile_images/2041579936100544512/4M8ZDEjR_normal.jpg,2026-04-30 00:11:35,2026-04-30 00:00:00,,,,,,,"دوستان عزیزم، یک خواهش برای کمک در یک کار پژوهشی دارم:

اگر کانال‌های تلگرامی می‌شناسید که «میم‌های لگو» مرتبط با ایران در فضای جنگ (چه ایرانی و چه خارجی) را منتشر کرده‌اند، لطفاً نام یا لینکشان را زیر این پست بگذارید.
اگر ممکن است این پست را هم ریتوییت کنید تا بیشتر دیده شود و https://t.co/tSWPUsfcqX","دوستان عزیزم، یک خواهش برای کمک در یک کار پژوهشی دارم:

اگر کانال‌های تلگرامی می‌شناسید که «میم‌های لگو» مرتبط با ایران در فضای جنگ (چه ایرانی و چه خارجی) را منتشر کرده‌اند، لطفاً نام یا لینکشان را زیر این پست بگذارید.
اگر ممکن است این پست را هم ریتوییت کنید تا بیشتر دیده شود و https://t.co/tSWPUsfcqX",0,,,,,fa,,,,,,,,,,1,https://pbs.twimg.com/media/HHGiDPuWAAACwa0.jpg,,,,,47,1,114,7,Twitter for iPhone,,,,,,,,,,13932,1,0,0
59,2049978394293440588,https://x.com/imREVOLUTION83/status/2049978394293440588,,,,imREVOLUTION83,2041305855262371840,,,,,,https://pbs.twimg.com/profile_images/2041609038681493504/po8-tzNW_normal.jpg,2026-05-01 01:25:10,2026-05-01 00:00:00,,,,,,,"Thank the Lord, Praise be to Christ for the JAKEGTV Channel

The only REAL, TRUE, AWAKE, AWARE, MINDFUL, TRUTH TELLERS in🇺🇸

Not $ by🇮🇱🤢

So thankful 4 the work they do, the honesty they bring 4th

@ExplosiveMediaa @s_m_marandi
@RedCrossLebanon #JAKEGTV

https://t.co/f6YhAUNZH8","Thank the Lord, Praise be to Christ for the JAKEGTV Channel

The only REAL, TRUE, AWAKE, AWARE, MINDFUL, TRUTH TELLERS in🇺🇸

Not $ by🇮🇱🤢

So thankful 4 the work they do, the honesty they bring 4th

@ExplosiveMediaa @s_m_marandi
@RedCrossLebanon #JAKEGTV

https://t.co/f6YhAUNZH8",0,JAKEGTV,,,ExplosiveMediaa s_m_marandi RedCrossLebanon,en,,,,,,,,,,,,,1,https://t.co/f6YhAUNZH8,https://youtu.be/RcWrxgVyO1Y?si=ZC4We_TMndbZjNY7,1,0,1,0,Twitter for Android,,,,,,,,,,38,0,0,0
60,https://t.co/f6YhAUNZH8,https://x.com/i/status/https://t.co/f6YhAUNZH8,,,,,,,,,,,,,,,,,,,,,,0,,,,,,,,,,,,,,,,,,,,,0,0,0,0,,,,,,,,,,,0,0,0,0
61,2049907171240919537,https://x.com/RAMSESderDritte/status/2049907171240919537,,,,RAMSESderDritte,1530854316386525184,,Satire/Comedy.,,,"Natürlicher Verstand kann fast jeden Grad von Bildung ersetzen, aber keine Bildung den natürlichen Verstand. List = Block.",https://pbs.twimg.com/profile_images/1833429109642240000/6U6v9sub_normal.jpg,2026-04-30 20:42:09,2026-04-30 00:00:00,,,,,,,"Happy Persian Gulf Day — April 30.
https://t.co/NI4mA2uY1U","Happy Persian Gulf Day — April 30.
https://t.co/NI4mA2uY1U",0,,,,,en,,,,,,,,,,,https://pbs.twimg.com/ext_tw_video_thumb/2049891545004769280/pu/img/UAP0L6TyiQHJAoDz.jpg,1,,,,3,0,5,0,Twitter Web App,,,,,,,,,,68,0,0,0
62,2049956261009990016,https://x.com/ExplosiveMediaa/status/2049956261009990016,KUTUBProduction,2049824575089672365,,ExplosiveMediaa,2031492622968303620,,Iran,,,"Iranian Lego-style animation team. Fast, Instant, Explosive🔥🤞.
.
.
Lego Resistance Front
#LRF",https://pbs.twimg.com/profile_images/2039670351412760577/MlFKVB2z_normal.jpg,2026-04-30 23:57:13,2026-04-30 00:00:00,,,,,,,"@KUTUBProduction Every friend who can see this comment:
Follow my brother please.

All for #LRF","@KUTUBProduction Every friend who can see this comment:
Follow my brother please.

All for #LRF",0,LRF,,,KUTUBProduction,en,,,,1,,,,,,,,,,,,4,1,87,11,Twitter for Android,,,,,,,,,,1094,1,0,0
63,2050024222928638198,https://x.com/Star60555583028/status/2050024222928638198,,,,Star60555583028,1952915933586178049,,United States,,,What You Need to Know About Parenting in 5 Mins,https://pbs.twimg.com/profile_images/2028570923302068224/GtYE9oB1_normal.jpg,2026-05-01 04:27:17,2026-05-01 00:00:00,,,,,,,https://t.co/P4LWdTkbsE,https://t.co/P4LWdTkbsE,0,,,,,zxx,,,,,,,,,,,https://pbs.twimg.com/ext_tw_video_thumb/2049891545004769280/pu/img/UAP0L6TyiQHJAoDz.jpg,1,,,,0,0,3,0,Twitter for iPhone,,,,,,,,,,7,0,0,0
64,2049856879690731802,https://x.com/TheTopSecrets6/status/2049856879690731802,,,2049546953004822549,TheTopSecrets6,945487277156732928,,,,,Welcome to the OFFICIAL Twitter account  of The Top Secrets society,https://pbs.twimg.com/profile_images/1921655336605257728/wyLCje32_normal.jpg,2026-04-30 17:22:19,2026-04-30 00:00:00,,,,,,,Inshallah,Inshallah,0,,,,,in,,,1,,,,,,,,,,,,,0,0,0,0,Twitter for Android,,,,,,,,,,4,0,0,0
65,2049546953004822549,https://x.com/ExplosiveMediaa/status/2049546953004822549,,,,ExplosiveMediaa,2031492622968303620,,Iran,,,"Iranian Lego-style animation team. Fast, Instant, Explosive🔥🤞.
.
.
Lego Resistance Front
#LRF",https://pbs.twimg.com/profile_images/2039670351412760577/MlFKVB2z_normal.jpg,2026-04-29 20:50:46,2026-04-29 00:00:00,,,,,,,"Everything will change.
Soon...","Everything will change.
Soon...",0,,,,,en,,,,,,,,,,,,,,,,134,4,1390,51,Twitter for Android,,,,,,,,,,26821,1,0,0
66,2049951231330656470,https://x.com/Farz_Zaad/status/2049951231330656470,Lionness1019,2049928214831624628,,Farz_Zaad,1676063843183722496,,Planet earth,,,"Farz - imagination /
Zaad - born of ☁️
You think, therefore you are, I am NOT, therefore I KNOW 🙃
https://t.co/hRdvdXGfO6
# check my highlights tab porfa!",https://pbs.twimg.com/profile_images/1926743899193712640/mD8-bHna_normal.jpg,2026-04-30 23:37:14,2026-04-30 00:00:00,,,,,,,@Lionness1019 @b_schoendorff @AnaEscobarShow @ExplosiveMediaa The point of Iran is to teach the world how to think like that again and live in love rather than in fear or fantasies of dominance so hopefully soon you won't have to move for it - although of course it's highly recommended that you visit 🙏🤎✌️,@Lionness1019 @b_schoendorff @AnaEscobarShow @ExplosiveMediaa The point of Iran is to teach the world how to think like that again and live in love rather than in fear or fantasies of dominance so hopefully soon you won't have to move for it - although of course it's highly recommended that you visit 🙏🤎✌️,0,,,,Lionness1019 b_schoendorff AnaEscobarShow ExplosiveMediaa,en,,,,1,,,,,,,,,,,,2,0,6,1,Twitter for Android,,,,,,,,,,63,1,0,0
67,2050068992807825502,https://x.com/Americans_Rise/status/2050068992807825502,b_schoendorff,2049580215941112047,,Americans_Rise,709871306,,Las Vegas,,,"I stand with American people, those that have served our country and continue to serve our country NOT fake patriots serving Zi0nism, Israel, War profiteering",https://pbs.twimg.com/profile_images/2036700512868065280/qaTMTm6V_normal.jpg,2026-05-01 07:25:10,2026-05-01 00:00:00,,,,,,,"@b_schoendorff @ExplosiveMediaa I'm shocked and utterly surprised why this post did not get at least 100k LIKES ?

read it

think about it

it is everything you know, and knew no one else has said yet

it is the difference between the zi0nist controlled West, and the rest of the world. 

You see in every war https://t.co/Zedd2yqg20","@b_schoendorff @ExplosiveMediaa I'm shocked and utterly surprised why this post did not get at least 100k LIKES ?

read it

think about it

it is everything you know, and knew no one else has said yet

it is the difference between the zi0nist controlled West, and the rest of the world. 

You see in every war https://t.co/Zedd2yqg20",0,,,,b_schoendorff ExplosiveMediaa,en,,,,1,,,,,,,https://pbs.twimg.com/amplify_video_thumb/2050068802294136833/img/nX9Jp-oz1A_zWUBe.jpg,1,,,,0,0,0,0,Twitter Web App,,,,,,,,,,11,0,0,0
68,2049904870573092874,https://x.com/NajiMalik695708/status/2049904870573092874,ExplosiveMediaa,2049891608192049177,2049895353097539649,NajiMalik695708,2028092639787233281,,,,,"HSE Engineer Oil & Gas Consultant.
Off The Grid. Resistance.
#WorldWar3 #NeverTrustUSA #AdialaJail #Trump #Iran #Lebanon #Gaza #CandaceOwens",https://pbs.twimg.com/profile_images/2029971845752180736/VVEyI1H8_normal.jpg,2026-04-30 20:33:01,2026-04-30 00:00:00,,,,,,,@ExplosiveMediaa https://t.co/pLONu29qW9,@ExplosiveMediaa https://t.co/pLONu29qW9,0,,,,ExplosiveMediaa,qme,,,1,1,,,,,,,,,1,https://t.co/pLONu29qW9,https://x.com/NajiMalik695708/status/2049895353097539649,0,0,2,0,Twitter Web App,,,,,,,,,,98,1,0,0
69,2049895353097539649,https://x.com/NajiMalik695708/status/2049895353097539649,,,,NajiMalik695708,2028092639787233281,,,,,"HSE Engineer Oil & Gas Consultant.
Off The Grid. Resistance.
#WorldWar3 #NeverTrustUSA #AdialaJail #Trump #Iran #Lebanon #Gaza #CandaceOwens",https://pbs.twimg.com/profile_images/2029971845752180736/VVEyI1H8_normal.jpg,2026-04-30 19:55:12,2026-04-30 00:00:00,,,,,,,"Meanwhile Goyim in San Francisco., illuminatti Hub.

Addiction is A Weapon of Self-Destruction.  

Approved By Government Of United States And Satanic Puppet Masters.

The City Of TV Series ( Full House ) Was Nice. (R I P) https://t.co/oNuho7ddm7","Meanwhile Goyim in San Francisco., illuminatti Hub.

Addiction is A Weapon of Self-Destruction.  

Approved By Government Of United States And Satanic Puppet Masters.

The City Of TV Series ( Full House ) Was Nice. (R I P) https://t.co/oNuho7ddm7",0,,,,,en,,,,,,,,,,,https://pbs.twimg.com/amplify_video_thumb/2049892431030890496/img/fVMpJgtHBIaYG72U.jpg,1,,,,1,1,12,1,Twitter Web App,,,,,,,,,,7887,1,0,0
70,2049911487628558786,https://x.com/NarjesNaze21351/status/2049911487628558786,ExplosiveMediaa,2049891608192049177,,NarjesNaze21351,1907932923552219137,,,,,,https://pbs.twimg.com/profile_images/1907933040514576398/18gdP3dF_normal.png,2026-04-30 20:59:18,2026-04-30 00:00:00,,,,,,,@ExplosiveMediaa https://t.co/4n9q1njnuG,@ExplosiveMediaa https://t.co/4n9q1njnuG,0,,,,ExplosiveMediaa,qme,,,,1,,,,,,1,https://pbs.twimg.com/media/HHK_oihXkAE3SGB.jpg,,,,,1,0,3,0,Twitter for iPhone,,,,,,,,,,50,0,0,0
71,2049957040362324042,https://x.com/xxlilflyxx/status/2049957040362324042,ExplosiveMediaa,2049891608192049177,,xxlilflyxx,45352764,,"Da South, USA",,,"constitution lovin’, fiscally conservative, social liberalist who suddenly became a “radical democrat” for speaking out against Israel, Trump, & the war on Iran",https://pbs.twimg.com/profile_images/253263042/mascot_normal.jpg,2026-05-01 00:00:19,2026-05-01 00:00:00,,,,,,,"@ExplosiveMediaa I read on a post earlier than when you started your posts/videos, you thought all Americans were like the Epstein class. Sadly, all my life (42 yo) I’ve been raised to believe Iran was a terrible terrorist regime. This war has been life changing for me. Americans are told we are","@ExplosiveMediaa I read on a post earlier than when you started your posts/videos, you thought all Americans were like the Epstein class. Sadly, all my life (42 yo) I’ve been raised to believe Iran was a terrible terrorist regime. This war has been life changing for me. Americans are told we are",0,,,,ExplosiveMediaa,en,,,,1,,,,,,,,,,,,3,0,28,2,Twitter for iPhone,,,,,,,,,,331,1,0,0
72,2049672715573829746,https://x.com/JerriGrail/status/2049672715573829746,ExplosiveMediaa,2049441150872809719,,JerriGrail,4060566194,,,,,🔁reposts do not indicate endorsement.,https://pbs.twimg.com/profile_images/1857426015372328960/5pvmtBBs_normal.jpg,2026-04-30 05:10:31,2026-04-30 00:00:00,,,,,,,@ExplosiveMediaa @asanza2420 Sarah is the most despicable woman in the Bible.,@ExplosiveMediaa @asanza2420 Sarah is the most despicable woman in the Bible.,0,,,,ExplosiveMediaa asanza2420,en,,,,1,,,,,,,,,,,,0,0,0,0,Twitter for iPad,,,,,,,,,,29,0,0,0
73,2050018442535989396,https://x.com/qhXDUbcrHV82530/status/2050018442535989396,,,2049967759963087063,qhXDUbcrHV82530,1764814007213699072,,,,,,https://pbs.twimg.com/profile_images/1764814175396823040/cpZuMaFy_normal.jpg,2026-05-01 04:04:18,2026-05-01 00:00:00,,,,,,,これは、侵略者が我々からペルシャ湾を奪おうとした初めての時ではない。 歴史を見てみろ。 帽子を見てみろ…  オランダ、ポルトガル、そしてイギリスは、あなたよりもずっと前に我々を試した。 そして結果はいつも同じだった。 ホルムズは我々のものだ,これは、侵略者が我々からペルシャ湾を奪おうとした初めての時ではない。 歴史を見てみろ。 帽子を見てみろ…  オランダ、ポルトガル、そしてイギリスは、あなたよりもずっと前に我々を試した。 そして結果はいつも同じだった。 ホルムズは我々のものだ,0,,,,,ja,,,1,,,,,,,,,,,,,0,0,0,0,Twitter Web App,,,,,,,,,,11,0,0,0
74,2049967759963087063,https://x.com/ExplosiveMediaa/status/2049967759963087063,,,2049891608192049177,ExplosiveMediaa,2031492622968303620,,Iran,,,"Iranian Lego-style animation team. Fast, Instant, Explosive🔥🤞.
.
.
Lego Resistance Front
#LRF",https://pbs.twimg.com/profile_images/2039670351412760577/MlFKVB2z_normal.jpg,2026-05-01 00:42:55,2026-05-01 00:00:00,,,,,,,"This isn’t the first time invaders have tried to take the Persian Gulf from us.
Look at history.
Look at the hats...

The Dutch, Portugal, and Britain tried us long before you.
And the result was always the same.
Hormuz is ours. https://t.co/smo4A0F8Bn","This isn’t the first time invaders have tried to take the Persian Gulf from us.
Look at history.
Look at the hats...

The Dutch, Portugal, and Britain tried us long before you.
And the result was always the same.
Hormuz is ours. https://t.co/smo4A0F8Bn",0,,,,,en,,,1,,,,,,,1,https://pbs.twimg.com/media/HHLx1j0bMAAB9rr.jpg https://pbs.twimg.com/media/HHLx1jVaUAAHRId.jpg https://pbs.twimg.com/media/HHLx1q-bAAA4vwb.jpg,,,,,174,1,571,14,Twitter for Android,,,,,,,,,,8202,1,0,0
75,2049982999291154875,https://x.com/TerribleId59801/status/2049982999291154875,ExplosiveMediaa,2049911158132363638,,TerribleId59801,1933335731721711616,,"Atlanta, GA",,,"Hoping for peace for all, and justice for the harmed.

Random mockery for shaming those who say hateful things. 🇮🇱",https://pbs.twimg.com/profile_images/1956894802177376256/Oe1VQLQU_normal.jpg,2026-05-01 01:43:28,2026-05-01 00:00:00,,,,,,,"@ExplosiveMediaa Well when you have @KariLake as its leader, what do you expect?","@ExplosiveMediaa Well when you have @KariLake as its leader, what do you expect?",0,,,,ExplosiveMediaa KariLake,en,,,,1,,,,,,,,,,,,0,0,0,0,Twitter for iPhone,,,,,,,,,,23,1,0,0
76,2049900160340361412,https://x.com/castaneda_dfo/status/2049900160340361412,ExplosiveMediaa,2049891608192049177,,castaneda_dfo,839106007280177153,,"Metro Manila, Philippines",,,Christian. Father. Son. Filipino. Multipolar World.,https://pbs.twimg.com/profile_images/1607804918479589377/_z1S-R_x_normal.jpg,2026-04-30 20:14:18,2026-04-30 00:00:00,,,,,,,@ExplosiveMediaa 🇮🇷♥️,@ExplosiveMediaa 🇮🇷♥️,0,,,,ExplosiveMediaa,qme,,,,1,,,,,,,,,,,,0,0,0,0,Twitter for Android,,,,,,,,,,48,0,0,0
77,2049915671203496348,https://x.com/Jordan7th/status/2049915671203496348,,,2049891608192049177,Jordan7th,22903712,,🗺,,,,https://pbs.twimg.com/profile_images/1955309668923854848/kijMDUAC_normal.jpg,2026-04-30 21:15:56,2026-04-30 00:00:00,,,,,,,How the ain't sinking little duck gonna sink? It is beyond imagination. Well done🐤💛!,How the ain't sinking little duck gonna sink? It is beyond imagination. Well done🐤💛!,0,,,,,en,,,1,,,,,,,,,,,,,0,0,0,0,Twitter for Android,,,,,,,,,,16,1,0,0
78,2050004605430304824,https://x.com/b_natou/status/2050004605430304824,ExplosiveMediaa,2049891608192049177,,b_natou,752216155973120000,,"Montréal, Québec",,,"Soutien à la Palestine et à l'Ukraine
⚜ indépendantiste ⚜
(image de profil : ""Exodus"" de  Cathy Wilcox. https://t.co/mp1OFnaeXf)",https://pbs.twimg.com/profile_images/1725216608228962304/Xd5ZmdBI_normal.jpg,2026-05-01 03:09:19,2026-05-01 00:00:00,,,,,,,"@ExplosiveMediaa I understand the use of the duck to represent the US Navy (or the military ""Rubber Duck"").
But I was still shocked; it's so closely associated with Alexei Navalny, and your choice of duck is rather insensitive. 🥴 https://t.co/7lbV4fa3Pt","@ExplosiveMediaa I understand the use of the duck to represent the US Navy (or the military ""Rubber Duck"").
But I was still shocked; it's so closely associated with Alexei Navalny, and your choice of duck is rather insensitive. 🥴 https://t.co/7lbV4fa3Pt",0,,,,ExplosiveMediaa,en,,,,1,,,,,,1,https://pbs.twimg.com/media/HHMTBh4XIAArTzj.png https://pbs.twimg.com/media/HHMULmEXwAAqtLz.png,,,,,0,0,0,0,Twitter Web App,,,,,,,,,,30,1,0,0
79,2049878887950151714,https://x.com/nosoyyo7/status/2049878887950151714,DropSiteNews,2049866230526345458,,nosoyyo7,400884956,,🌎,,,Feminist (the only kind); Missing Magdalen Berns; Vegan Starchivore; Anti-capitalist; US out of: 🗺️; GIF-Phobic; Don’t ask Grøk,https://pbs.twimg.com/profile_images/915363354285355012/AwhhtJqB_normal.jpg,2026-04-30 18:49:46,2026-04-30 00:00:00,,,,,,,@DropSiteNews @ExplosiveMediaa You said “Iran’s latest” while QT-ing your interview of Explosive Media. U certainly implied it was same people. You asked ExplosiveM about “the DM’s” which was in the lyrics from a video perhaps by this same group &amp; def not Explosive Media. Was this one even done by Iranians?,@DropSiteNews @ExplosiveMediaa You said “Iran’s latest” while QT-ing your interview of Explosive Media. U certainly implied it was same people. You asked ExplosiveM about “the DM’s” which was in the lyrics from a video perhaps by this same group &amp; def not Explosive Media. Was this one even done by Iranians?,0,,,,DropSiteNews ExplosiveMediaa,en,,,,1,,,,,,,,,,,,0,0,1,2,Twitter for iPhone,,,,,,,,,,171,0,0,0
80,2050000758951543202,https://x.com/Noor_Vatan/status/2050000758951543202,ExplosiveMediaa,2049900661081293116,,Noor_Vatan,1753870111100866560,,,,,Strength in the heart; Vatan in the soul. 💚🕊️♥️,https://pbs.twimg.com/profile_images/2011310622487502848/7OyguujX_normal.jpg,2026-05-01 02:54:02,2026-05-01 00:00:00,,,,,,,@ExplosiveMediaa @Iran_in_India 🔥,@ExplosiveMediaa @Iran_in_India 🔥,0,,,,ExplosiveMediaa Iran_in_India,qme,,,,1,,,,,,,,,,,,0,0,0,0,Twitter for iPhone,,,,,,,,,,9,0,0,0
81,2049962220172263677,https://x.com/2014Saihat/status/2049962220172263677,ExplosiveMediaa,2049956261009990016,,2014Saihat,2324495340,,,,,,https://abs.twimg.com/sticky/default_profile_images/default_profile_normal.png,2026-05-01 00:20:54,2026-05-01 00:00:00,,,,,,,@ExplosiveMediaa @KUTUBProduction Done,@ExplosiveMediaa @KUTUBProduction Done,0,,,,ExplosiveMediaa KUTUBProduction,en,,,,1,,,,,,,,,,,,0,0,0,0,Twitter for Android,,,,,,,,,,12,0,0,0
82,2049897857583653211,https://x.com/v30903/status/2049897857583653211,,,,v30903,1664405585998249986,,,,,"""As long as you are standing, give a hand to those who have fallen.""
- Persian Proverb #WomanLifeFreedom",https://pbs.twimg.com/profile_images/1934834024423542789/wAUSa77h_normal.jpg,2026-04-30 20:05:09,2026-04-30 00:00:00,,,,,,,https://t.co/pWunQam0Bl,https://t.co/pWunQam0Bl,0,,,,,zxx,,,,,,,,,,,https://pbs.twimg.com/ext_tw_video_thumb/2049891545004769280/pu/img/UAP0L6TyiQHJAoDz.jpg,1,,,,0,0,0,0,Twitter for iPhone,,,,,,,,,,5,0,0,0
83,2049928285296202057,https://x.com/mmahoooooit/status/2049928285296202057,AreebaFatimaa,2049303517316174281,2049900376954974527,mmahoooooit,25111140,,earth ,,,🇵🇸 #CEASEFIRENOW / maybe make white collar crime illegal again 🧟‍♂️ / there is no peak bullshit.,https://pbs.twimg.com/profile_images/1525568909889441794/HYKYHg59_normal.jpg,2026-04-30 22:06:03,2026-04-30 00:00:00,,,,,,,@AreebaFatimaa @ExplosiveMediaa @ryangrim @DropSiteNews 🤗,@AreebaFatimaa @ExplosiveMediaa @ryangrim @DropSiteNews 🤗,0,,,,AreebaFatimaa ExplosiveMediaa ryangrim DropSiteNews,qme,,,1,1,,,,,,,,,,,,0,0,1,0,Twitter for iPad,,,,,,,,,,30,0,0,0
84,2049900376954974527,https://x.com/ryangrim/status/2049900376954974527,,,2047056392767336931,ryangrim,16170253,,washington,,,"Reporter at @DropSiteNews - Author of ""We've Got People,” “The Squad,” and “This Is Your Country On Drugs.” Co-host of Breaking Points. Signal: cherrygarcia.01",https://pbs.twimg.com/profile_images/2013721171095699456/0jmHxbH2_normal.jpg,2026-04-30 20:15:09,2026-04-30 00:00:00,,,,,,,"We recently interviewed one of the guys on the Explosive Media Lego team and he said that, surprisingly, their attitude toward the American people has significantly *improved* throughout this conflict, as they have come to recognize that both they and we are subjects of the","We recently interviewed one of the guys on the Explosive Media Lego team and he said that, surprisingly, their attitude toward the American people has significantly *improved* throughout this conflict, as they have come to recognize that both they and we are subjects of the",0,,,,,en,,,1,,,,,,,,,,,,,1266,16,6089,88,Twitter Web App,,,,,,,,,,220546,1,0,0
85,2049820103437385739,https://x.com/rahimlue_ali/status/2049820103437385739,IraninSA,2049588295458291930,,rahimlue_ali,1793038759253979136,,Iran,,,"Iranian academic/Political commentator

یک جان ناقابل فدا",https://pbs.twimg.com/profile_images/1846646268681924608/gBgjkG-w_normal.jpg,2026-04-30 14:56:11,2026-04-30 00:00:00,,,,,,,@IraninSA @Nomad514709 Seen this @ExplosiveMediaa ?,@IraninSA @Nomad514709 Seen this @ExplosiveMediaa ?,0,,,,IraninSA Nomad514709 ExplosiveMediaa,en,,,,1,,,,,,,,,,,,0,0,1,0,Twitter for Android,,,,,,,,,,68,0,0,0
86,2050021527245250791,https://x.com/ayeshadequeiroz/status/2050021527245250791,ExplosiveMediaa,2049911158132363638,,ayeshadequeiroz,1746427009365049344,,🫸 🔺 🫷,,,"That one... when she looks at you, you can see she's working things out. It's why we have to feed them like this; she had them all attacking the fences...",https://pbs.twimg.com/profile_images/1746428879156502528/aJpIVlNC_normal.jpg,2026-05-01 04:16:34,2026-05-01 00:00:00,,,,,,,"@ExplosiveMediaa Your videos bring people together while our leaders are tearing the world apart. Thanks for the laughs and the tears, through Legis of all things.","@ExplosiveMediaa Your videos bring people together while our leaders are tearing the world apart. Thanks for the laughs and the tears, through Legis of all things.",0,,,,ExplosiveMediaa,en,,,,1,,,,,,,,,,,,0,0,0,0,Twitter for iPhone,,,,,,,,,,11,1,0,0
87,2049931221677768754,https://x.com/ElleZee25/status/2049931221677768754,ExplosiveMediaa,2049900661081293116,,ElleZee25,1854315500,,,,,,https://pbs.twimg.com/profile_images/2013828996052459520/BPG9uO7__normal.jpg,2026-04-30 22:17:43,2026-04-30 00:00:00,,,,,,,@ExplosiveMediaa @Iran_in_India Totally! Go Persian Lego!,@ExplosiveMediaa @Iran_in_India Totally! Go Persian Lego!,0,,,,ExplosiveMediaa Iran_in_India,en,,,,1,,,,,,,,,,,,0,0,1,0,Twitter Web App,,,,,,,,,,18,0,0,0
88,2049846890104013068,https://x.com/PontesCris14313/status/2049846890104013068,ExplosiveMediaa,2049546953004822549,,PontesCris14313,2028970033104490496,,🇪🇸,,,,https://pbs.twimg.com/profile_images/2042477263728623617/QeIY3vFH_normal.jpg,2026-04-30 16:42:37,2026-04-30 00:00:00,,,,,,,@ExplosiveMediaa Please please pleeease 😃🇮🇷🇷🇺,@ExplosiveMediaa Please please pleeease 😃🇮🇷🇷🇺,0,,,,ExplosiveMediaa,en,,,,1,,,,,,,,,,,,0,0,0,0,Twitter for Android,,,,,,,,,,18,0,0,0
89,2049927723041370527,https://x.com/Sofya_salam/status/2049927723041370527,b_schoendorff,2049580215941112047,,Sofya_salam,1343746309992288258,,Taqwa: Awareness of Allah ,,,"O'Allah, what did he find who lost You - What did he lose who found You.
Quran | عدل | Beyond Sect | Beyond Side",https://pbs.twimg.com/profile_images/1586038318680010752/n-srKOnj_normal.jpg,2026-04-30 22:03:49,2026-04-30 00:00:00,,,,,,,"@b_schoendorff @ExplosiveMediaa Bottom Line: 

Explosive Media's AI-generated Lego-style satirical videos are winning the narrative battle for Iran because they tap into deeper universal human values - like dignity, self-determination, common humanity, and compassionate humor - rather than the West's Freudian","@b_schoendorff @ExplosiveMediaa Bottom Line: 

Explosive Media's AI-generated Lego-style satirical videos are winning the narrative battle for Iran because they tap into deeper universal human values - like dignity, self-determination, common humanity, and compassionate humor - rather than the West's Freudian",0,,,,b_schoendorff ExplosiveMediaa,en,,,,1,,,,,,,,,,,,4,0,14,1,Twitter Web App,,,,,,,,,,474,1,0,0
90,2049661176729010452,https://x.com/Iris2465/status/2049661176729010452,ExplosiveMediaa,2049441150872809719,,Iris2465,1255946016987193350,,Louisiana,,,"Louisiana girl, dog lover, USAF vet, I will live to see Palestine free so help me God",https://pbs.twimg.com/profile_images/2029395188808921088/-pWPoQdS_normal.jpg,2026-04-30 04:24:40,2026-04-30 00:00:00,,,,,,,"@ExplosiveMediaa I'm a US veteran, but I woke up back in 2007. It's been hell since waiting for so many people to catch up. But it's happening.","@ExplosiveMediaa I'm a US veteran, but I woke up back in 2007. It's been hell since waiting for so many people to catch up. But it's happening.",0,,,,ExplosiveMediaa,en,,,,1,,,,,,,,,,,,0,0,0,0,Twitter Web App,,,,,,,,,,4,0,0,0
91,2049960632561074409,https://x.com/Farz_Zaad/status/2049960632561074409,Abra_Company,2049958136711368876,,Farz_Zaad,1676063843183722496,,Planet earth,,,"Farz - imagination /
Zaad - born of ☁️
You think, therefore you are, I am NOT, therefore I KNOW 🙃
https://t.co/hRdvdXGfO6
# check my highlights tab porfa!",https://pbs.twimg.com/profile_images/1926743899193712640/mD8-bHna_normal.jpg,2026-05-01 00:14:35,2026-05-01 00:00:00,,,,,,,"@Abra_Company @Lionness1019 @b_schoendorff @AnaEscobarShow @ExplosiveMediaa Of course and that's why I have no doubts that the future will go in the right direction - because so many more people travel and those that can't, can at least watch the videos of those who do ✌️","@Abra_Company @Lionness1019 @b_schoendorff @AnaEscobarShow @ExplosiveMediaa Of course and that's why I have no doubts that the future will go in the right direction - because so many more people travel and those that can't, can at least watch the videos of those who do ✌️",0,,,,Abra_Company Lionness1019 b_schoendorff AnaEscobarShow ExplosiveMediaa,en,,,,1,,,,,,,,,,,,0,0,3,0,Twitter for Android,,,,,,,,,,12,1,0,0
92,2049824755709333629,https://x.com/GL1962/status/2049824755709333629,b_schoendorff,2049580215941112047,,GL1962,186690450,,"Bangkok, Thailand",,,I write stories based on my experiences as a Brit living in the global south for 30 years. Eastlit publisher. Retired Education Administrator & teacher/trainer.,https://pbs.twimg.com/profile_images/551270349241729024/vHp-CvYc_normal.jpeg,2026-04-30 15:14:40,2026-04-30 00:00:00,,,,,,,"@b_schoendorff @ExplosiveMediaa I think very true, but also the understanding of western culture. How rap is flipped to be a music of hope and not violence. The western image of austere humourless Mullahs and yet the stars are determined intelligent humorous non Mullahs. Many layers to the onion.","@b_schoendorff @ExplosiveMediaa I think very true, but also the understanding of western culture. How rap is flipped to be a music of hope and not violence. The western image of austere humourless Mullahs and yet the stars are determined intelligent humorous non Mullahs. Many layers to the onion.",0,,,,b_schoendorff ExplosiveMediaa,en,,,,1,,,,,,,,,,,,0,0,2,0,Twitter for Android,,,,,,,,,,66,0,0,0
93,2050012054833229989,https://x.com/Sofya_salam/status/2050012054833229989,ExplosiveMediaa,2049967759963087063,2044564469007909161,Sofya_salam,1343746309992288258,,Taqwa: Awareness of Allah ,,,"O'Allah, what did he find who lost You - What did he lose who found You.
Quran | عدل | Beyond Sect | Beyond Side",https://pbs.twimg.com/profile_images/1586038318680010752/n-srKOnj_normal.jpg,2026-05-01 03:38:55,2026-05-01 00:00:00,,,,,,,"@ExplosiveMediaa The classic 'trial balloon' or a move in 'toponymic geopolitics.'  Google making change slowly.😢

https://t.co/J5gSk24f1b","@ExplosiveMediaa The classic 'trial balloon' or a move in 'toponymic geopolitics.'  Google making change slowly.😢

https://t.co/J5gSk24f1b",0,,,,ExplosiveMediaa,en,,,1,1,,,,,,,,,1,https://t.co/J5gSk24f1b,https://x.com/Sofya_salam/status/2044564469007909161?s=20,0,0,0,0,Twitter Web App,,,,,,,,,,73,1,0,0
94,2044564469007909161,https://x.com/Sofya_salam/status/2044564469007909161,MaxBlumenthal,2044470137571406020,,Sofya_salam,1343746309992288258,,Taqwa: Awareness of Allah ,,,"O'Allah, what did he find who lost You - What did he lose who found You.
Quran | عدل | Beyond Sect | Beyond Side",https://pbs.twimg.com/profile_images/1586038318680010752/n-srKOnj_normal.jpg,2026-04-16 02:52:10,2026-04-16 00:00:00,,,,,,,"@MaxBlumenthal Google erased ""Strait of Hormuz"" and 
Persian Gulf includes (Arabian Gulf) preparing to erase PG. https://t.co/PPvR5pr74X","@MaxBlumenthal Google erased ""Strait of Hormuz"" and 
Persian Gulf includes (Arabian Gulf) preparing to erase PG. https://t.co/PPvR5pr74X",0,,,,MaxBlumenthal,en,,,,1,,,,,,1,https://pbs.twimg.com/media/HF_AD7rbEAAaVhF.jpg https://pbs.twimg.com/media/HF_AHndaUAAhLiu.jpg https://pbs.twimg.com/media/HF_ALzLaUAAXNMs.jpg https://pbs.twimg.com/media/HF_ALzAaUAANda1.jpg,,,,,6,1,26,1,Twitter Web App,,,,,,,,,,1020,1,0,0
95,2049959427034226852,https://x.com/ExplosiveMediaa/status/2049959427034226852,Perma_Camper,2049958795410035193,,ExplosiveMediaa,2031492622968303620,,Iran,,,"Iranian Lego-style animation team. Fast, Instant, Explosive🔥🤞.
.
.
Lego Resistance Front
#LRF",https://pbs.twimg.com/profile_images/2039670351412760577/MlFKVB2z_normal.jpg,2026-05-01 00:09:48,2026-05-01 00:00:00,,,,,,,@Perma_Camper @PressTV @iammoeen14 Yes😂,@Perma_Camper @PressTV @iammoeen14 Yes😂,0,,,,Perma_Camper PressTV iammoeen14,und,,,,1,,,,,,,,,,,,0,0,1,0,Twitter for Android,,,,,,,,,,32,1,0,0
96,2049911158132363638,https://x.com/ExplosiveMediaa/status/2049911158132363638,,,2049580215941112047,ExplosiveMediaa,2031492622968303620,,Iran,,,"Iranian Lego-style animation team. Fast, Instant, Explosive🔥🤞.
.
.
Lego Resistance Front
#LRF",https://pbs.twimg.com/profile_images/2039670351412760577/MlFKVB2z_normal.jpg,2026-04-30 20:58:00,2026-04-30 00:00:00,,,,,,,"This article was very important for all our team members.
Make sure to read it.

Thanks, Benji.","This article was very important for all our team members.
Make sure to read it.

Thanks, Benji.",0,,,,,en,,,1,,,,,,,,,,,,,188,0,676,11,Twitter for Android,,,,,,,,,,14835,1,0,0
97,2049580215941112047,https://x.com/b_schoendorff/status/2049580215941112047,,,,b_schoendorff,16961696,,Occupied Turtle Island,,,"Foot soldier, Unit 2027, Shitposting division, Psychological Brigades of the Free People of the World. 

""The final battle has begun, shitpost them to hell!""",https://pbs.twimg.com/profile_images/2037647500820275200/kqh9YL5h_normal.jpg,2026-04-29 23:02:57,2026-04-29 00:00:00,,,,,,,"Why, beyond their amazing and undisputed talent, are @ExplosiveMediaa's Lego videos winning the narrative battle for Iran?

Here's my take from a scientific psychology perspective.

In a time when White Empire has theorized war as being, above all, a battle of narratives (wrong, https://t.co/HKIhE3XaVm","Why, beyond their amazing and undisputed talent, are @ExplosiveMediaa's Lego videos winning the narrative battle for Iran?

Here's my take from a scientific psychology perspective.

In a time when White Empire has theorized war as being, above all, a battle of narratives (wrong, https://t.co/HKIhE3XaVm",0,,,,ExplosiveMediaa,en,,,,,,,,,,1,https://pbs.twimg.com/media/HHGQxAdW0AAI7Kc.jpg,,,,,218,14,556,30,Twitter Web App,,,,,,,,,,31627,1,0,0
98,2049928841771065730,https://x.com/hich1360/status/2049928841771065730,ExplosiveMediaa,2049789076945928291,,hich1360,1176987653109161984,,Tehran,,,دوستدار ایران_ نیمه مهندس_ مریضِ پیگیری اخبار_ ۷۲ ملت را دیده_ کارشناس همه چیز منهای یک چیز.,https://pbs.twimg.com/profile_images/1406031772064923648/LmGlA-D2_normal.jpg,2026-04-30 22:08:16,2026-04-30 00:00:00,,,,,,,"@ExplosiveMediaa .چاکریم

خدا قوت","@ExplosiveMediaa .چاکریم

خدا قوت",0,,,,ExplosiveMediaa,fa,,,,1,,,,,,,,,,,,0,0,1,0,Twitter for Android,,,,,,,,,,12,0,0,0
99,2049939372196106508,https://x.com/Truescorpio4u/status/2049939372196106508,,,2049891608192049177,Truescorpio4u,1156404888018006016,,America,,,"Not a member of the 1 Party System.

Democrats=Republicans=Both Support The Oligarchs.

A Democrat no more! A never republican!

Strictly Independent!✌🏾",https://pbs.twimg.com/profile_images/1789267158188412928/4x-len1M_normal.jpg,2026-04-30 22:50:07,2026-04-30 00:00:00,,,,,,,😬🫣😱,😬🫣😱,0,,,,,art,,,1,,,,,,,,,,,,,0,0,0,0,Twitter for Android,,,,,,,,,,8,0,0,0
100,2049785542003355971,https://x.com/rahimlue_ali/status/2049785542003355971,ExplosiveMediaa,2049782490714313198,,rahimlue_ali,1793038759253979136,,Iran,,,"Iranian academic/Political commentator

یک جان ناقابل فدا",https://pbs.twimg.com/profile_images/1846646268681924608/gBgjkG-w_normal.jpg,2026-04-30 12:38:51,2026-04-30 00:00:00,,,,,,,"@ExplosiveMediaa Great guys. Keep doing what you're doing. You're doing great.
❤️","@ExplosiveMediaa Great guys. Keep doing what you're doing. You're doing great.
❤️",0,,,,ExplosiveMediaa,en,,,,1,,,,,,,,,,,,1,0,4,0,Twitter for Android,,,,,,,,,,106,0,0,0
101,2049923603647398236,https://x.com/CarlGranjero/status/2049923603647398236,b_schoendorff,2049917303723028585,,CarlGranjero,1304092592456388608,,,,,"The game is rigged, but you cannot lose if you do not play.
By their actions shall you know them.
I have an army of sex bot followers.",https://pbs.twimg.com/profile_images/1347241391743709190/APw5m9JQ_normal.jpg,2026-04-30 21:47:27,2026-04-30 00:00:00,,,,,,,@b_schoendorff @sveinless @ExplosiveMediaa @indica @PSF_Resistance Ah hah. There you go.,@b_schoendorff @sveinless @ExplosiveMediaa @indica @PSF_Resistance Ah hah. There you go.,0,,,,b_schoendorff sveinless ExplosiveMediaa indica PSF_Resistance,en,,,,1,,,,,,,,,,,,0,0,1,0,Twitter for Android,,,,,,,,,,10,0,0,0
102,2049949753723490309,https://x.com/MoSoKa75/status/2049949753723490309,ExplosiveMediaa,2049782490714313198,,MoSoKa75,1594807201603919885,,,,,Don't feed the Trolls!,https://pbs.twimg.com/profile_images/1594844317360832512/azlT-XA3_normal.jpg,2026-04-30 23:31:22,2026-04-30 00:00:00,,,,,,,"@ExplosiveMediaa Can you make a video about the German chancellor, please?","@ExplosiveMediaa Can you make a video about the German chancellor, please?",0,,,,ExplosiveMediaa,en,,,,1,,,,,,,,,,,,0,0,1,0,Twitter for Android,,,,,,,,,,11,1,0,0
103,2049756189081088108,https://x.com/rahimlue_ali/status/2049756189081088108,ExplosiveMediaa,2049458410500784397,,rahimlue_ali,1793038759253979136,,Iran,,,"Iranian academic/Political commentator

یک جان ناقابل فدا",https://pbs.twimg.com/profile_images/1846646268681924608/gBgjkG-w_normal.jpg,2026-04-30 10:42:12,2026-04-30 00:00:00,,,,,,,"@ExplosiveMediaa Come on!
It's literally the healthiest most fun competition you can find.
Compete! 😉
I'm unbiased, but I'm rooting for you 100%.
Make sense? 🤔","@ExplosiveMediaa Come on!
It's literally the healthiest most fun competition you can find.
Compete! 😉
I'm unbiased, but I'm rooting for you 100%.
Make sense? 🤔",0,,,,ExplosiveMediaa,en,,,,1,,,,,,,,,,,,0,0,1,0,Twitter for Android,,,,,,,,,,17,0,0,0
104,2049903801700917365,https://x.com/iranazadi/status/2049903801700917365,,,2049891608192049177,iranazadi,47565262,,,,,,https://pbs.twimg.com/profile_images/272363139/tasvir2_normal.jpg,2026-04-30 20:28:46,2026-04-30 00:00:00,,,,,,,خلیج همیشه فارس ❤️❤️💪💪,خلیج همیشه فارس ❤️❤️💪💪,0,,,,,fa,,,1,,,,,,,,,,,,,0,0,1,0,Twitter for iPhone,,,,,,,,,,17,0,0,0
105,2049925118470599007,https://x.com/AvaBrm/status/2049925118470599007,kesic_ivan,2049924191982387242,,AvaBrm,1370929131941150720,,,,,The time that people are waking up to the fabricated lies that was fed to them and standing up against the pedo elite. and here we are … asking for royalty? 🤯,https://pbs.twimg.com/profile_images/2048965016217649152/ghY1TS_5_normal.jpg,2026-04-30 21:53:28,2026-04-30 00:00:00,,,,,,,"@kesic_ivan @ExplosiveMediaa 🤣🤣🤣 thank you kindly, Ivan! 🫶 Yes we have goyim and proud cookies haha","@kesic_ivan @ExplosiveMediaa 🤣🤣🤣 thank you kindly, Ivan! 🫶 Yes we have goyim and proud cookies haha",0,,,,kesic_ivan ExplosiveMediaa,en,,,,1,,,,,,,,,,,,0,0,1,0,Twitter for iPhone,,,,,,,,,,19,0,0,0
106,2049936629566193768,https://x.com/TNT1987a/status/2049936629566193768,,,2049580215941112047,TNT1987a,2895715335,,,,,"Del pasado honor, del presente orgullo!! 🇪🇦🇪🇦🇪🇦  Si eres una persona con valores, honestidad, sinceridad y pensamiento crítico sígueme. Si no! ⛔️",https://pbs.twimg.com/profile_images/2032468924932177920/89DIoUzt_normal.jpg,2026-04-30 22:39:13,2026-04-30 00:00:00,,,,,,,"Interesante reflexión de @b_schoendorff sobre la campaña de Operaciones Psicológicas de Irán realizada por @ExplosiveMediaa a través de los videos de Lego que se viralizaron.

Explico esto más a fondo en un post que puede verse en mi perfil @TNT1987a","Interesante reflexión de @b_schoendorff sobre la campaña de Operaciones Psicológicas de Irán realizada por @ExplosiveMediaa a través de los videos de Lego que se viralizaron.

Explico esto más a fondo en un post que puede verse en mi perfil @TNT1987a",0,,,,b_schoendorff ExplosiveMediaa TNT1987a,es,,,1,,,,,,,,,,,,,3,0,5,0,Twitter for Android,,,,,,,,,,147,1,0,0
107,2049809602846335393,https://x.com/rahimlue_ali/status/2049809602846335393,ExplosiveMediaa,2049786160453452063,,rahimlue_ali,1793038759253979136,,Iran,,,"Iranian academic/Political commentator

یک جان ناقابل فدا",https://pbs.twimg.com/profile_images/1846646268681924608/gBgjkG-w_normal.jpg,2026-04-30 14:14:27,2026-04-30 00:00:00,,,,,,,"@ExplosiveMediaa @Terror_offline Great cultural trait guys. Promoting the competition, finding new talents, thinking about and putting the country and the whole world 1st.
I've never been a fan of anyone. Definitely not anyone in the media.
But right now, I'm a fan.
@ExplosiveMediaa","@ExplosiveMediaa @Terror_offline Great cultural trait guys. Promoting the competition, finding new talents, thinking about and putting the country and the whole world 1st.
I've never been a fan of anyone. Definitely not anyone in the media.
But right now, I'm a fan.
@ExplosiveMediaa",0,,,,ExplosiveMediaa Terror_offline ExplosiveMediaa,en,,,,1,,,,,,,,,,,,0,0,4,1,Twitter for Android,,,,,,,,,,47,0,0,0
108,2049915383256158380,https://x.com/Jordan7th/status/2049915383256158380,ExplosiveMediaa,2049891608192049177,,Jordan7th,22903712,,🗺,,,,https://pbs.twimg.com/profile_images/1955309668923854848/kijMDUAC_normal.jpg,2026-04-30 21:14:47,2026-04-30 00:00:00,,,,,,,@ExplosiveMediaa How the ain't sinking little duck gonna sink? It's beyond imagination. 🐤💛,@ExplosiveMediaa How the ain't sinking little duck gonna sink? It's beyond imagination. 🐤💛,0,,,,ExplosiveMediaa,en,,,,1,,,,,,,,,,,,0,0,0,0,Twitter for Android,,,,,,,,,,91,1,0,0
109,2050013202067370153,https://x.com/Mindcite_US/status/2050013202067370153,HemmatMahdi,2049995551559803090,,Mindcite_US,4765169125,,Divided States of America ,,,"Writer/artist+meme maker firing up resistance bc democracy dies in fascist lies! 🇺🇸 🗽 🇺🇦 Mindcite® on Bluesky, Insta, FB + merch: https://t.co/7IySdRkqzq",https://pbs.twimg.com/profile_images/1063584123393052672/3rWH816a_normal.jpg,2026-05-01 03:43:29,2026-05-01 00:00:00,,,,,,,@HemmatMahdi @TheAcademy @FurkanGozukara @ExplosiveMediaa @IRANinPH @thewartoon @sneako @YourAnonCentral @AdameMedia @TheTNHoller @MAGACult2 👊,@HemmatMahdi @TheAcademy @FurkanGozukara @ExplosiveMediaa @IRANinPH @thewartoon @sneako @YourAnonCentral @AdameMedia @TheTNHoller @MAGACult2 👊,0,,,,HemmatMahdi TheAcademy FurkanGozukara ExplosiveMediaa IRANinPH thewartoon sneako YourAnonCentral AdameMedia TheTNHoller MAGACult2,qme,,,,1,,,,,,,,,,,,0,0,2,0,Twitter for iPhone,,,,,,,,,,25,0,0,0
110,2049835636341772400,https://x.com/QtrRobt/status/2049835636341772400,ExplosiveMediaa,2049546953004822549,,QtrRobt,1984022259242070016,,,,,,https://pbs.twimg.com/profile_images/1984023039508377600/ZLmAvx9l_normal.jpg,2026-04-30 15:57:54,2026-04-30 00:00:00,,,,,,,@ExplosiveMediaa Is Iran releasing the Epstein files? God I hope so! 🤞🏻🤞🏻,@ExplosiveMediaa Is Iran releasing the Epstein files? God I hope so! 🤞🏻🤞🏻,0,,,,ExplosiveMediaa,en,,,,1,,,,,,,,,,,,0,0,1,0,Twitter for Android,,,,,,,,,,32,1,0,0
111,2049962337566945589,https://x.com/lla_rall/status/2049962337566945589,ExplosiveMediaa,2049956261009990016,,lla_rall,1339198501763362818,,,,,Savage Mind | 🪬 | Tranquility in Chaotic,https://pbs.twimg.com/profile_images/1808621510611120129/4jZjkf_o_normal.jpg,2026-05-01 00:21:22,2026-05-01 00:00:00,,,,,,,@ExplosiveMediaa @KUTUBProduction Done ✅,@ExplosiveMediaa @KUTUBProduction Done ✅,0,,,,ExplosiveMediaa KUTUBProduction,en,,,,1,,,,,,,,,,,,0,0,1,0,Twitter for iPhone,,,,,,,,,,12,0,0,0
112,2049992311203856407,https://x.com/oriblum/status/2049992311203856407,ExplosiveMediaa,2049967759963087063,,oriblum,15406241,,,,,“We are not within the circle of those you dictate to.”,https://pbs.twimg.com/profile_images/1875866702426091520/m_qAPQVU_normal.jpg,2026-05-01 02:20:28,2026-05-01 00:00:00,,,,,,,"@ExplosiveMediaa ""Look at the hats...""!
💀","@ExplosiveMediaa ""Look at the hats...""!
💀",0,,,,ExplosiveMediaa,en,,,,1,,,,,,,,,,,,0,0,1,0,Twitter Web App,,,,,,,,,,17,0,0,0
113,2049933456508149848,https://x.com/Sofya_salam/status/2049933456508149848,b_schoendorff,2049931449499853043,,Sofya_salam,1343746309992288258,,Taqwa: Awareness of Allah ,,,"O'Allah, what did he find who lost You - What did he lose who found You.
Quran | عدل | Beyond Sect | Beyond Side",https://pbs.twimg.com/profile_images/1586038318680010752/n-srKOnj_normal.jpg,2026-04-30 22:26:36,2026-04-30 00:00:00,,,,,,,"@b_schoendorff @ExplosiveMediaa Fyi, after AI - Yours is worth ready!! 🇨🇳🇮🇷 💚","@b_schoendorff @ExplosiveMediaa Fyi, after AI - Yours is worth ready!! 🇨🇳🇮🇷 💚",0,,,,b_schoendorff ExplosiveMediaa,en,,,,1,,,,,,,,,,,,0,0,2,2,Twitter Web App,,,,,,,,,,55,1,0,0
114,2049857395422273927,https://x.com/ReutterDavid/status/2049857395422273927,Kathleen_Tyson_,2049811631555637267,,ReutterDavid,1269363201726013440,,Mogambo Bunker of Doom,,,retiredlushinahammock,https://pbs.twimg.com/profile_images/1269364484465811457/Aft-zcye_normal.jpg,2026-04-30 17:24:22,2026-04-30 00:00:00,,,,,,,@Kathleen_Tyson_ @b_schoendorff @ExplosiveMediaa when Sontag wrote Against Interpretation,@Kathleen_Tyson_ @b_schoendorff @ExplosiveMediaa when Sontag wrote Against Interpretation,0,,,,Kathleen_Tyson_ b_schoendorff ExplosiveMediaa,en,,,,1,,,,,,,,,,,,0,0,0,0,Twitter Web App,,,,,,,,,,27,0,0,0
115,2049920203249574330,https://x.com/Sabael333/status/2049920203249574330,ExplosiveMediaa,2049917959250849831,,Sabael333,1777908168380846080,,United States,,,Sapere aude!,https://pbs.twimg.com/profile_images/2041579936100544512/4M8ZDEjR_normal.jpg,2026-04-30 21:33:56,2026-04-30 00:00:00,,,,,,,@ExplosiveMediaa من بهتون خصوصی پیام دادم، ممنون میشم چک کنید🙏,@ExplosiveMediaa من بهتون خصوصی پیام دادم، ممنون میشم چک کنید🙏,0,,,,ExplosiveMediaa,fa,,,,1,,,,,,,,,,,,0,0,1,0,Twitter for iPhone,,,,,,,,,,14,1,0,0
116,2049943746842595437,https://x.com/NtombiMzansi/status/2049943746842595437,Sofya_salam,2049933456508149848,,NtombiMzansi,546671598,,United Kingdom,,,Globe-trotting South African. Passionate about reducing inequality and making the world a better place for all of us.,https://pbs.twimg.com/profile_images/1371118523876057088/g1CADkAH_normal.jpg,2026-04-30 23:07:30,2026-04-30 00:00:00,,,,,,,"@Sofya_salam @b_schoendorff @ExplosiveMediaa Dude. session reset flag=true, rebuild response without prior state","@Sofya_salam @b_schoendorff @ExplosiveMediaa Dude. session reset flag=true, rebuild response without prior state",0,,,,Sofya_salam b_schoendorff ExplosiveMediaa,en,,,,1,,,,,,,,,,,,0,0,0,0,Twitter for iPhone,,,,,,,,,,7,1,0,0
117,2049961461771088153,https://x.com/xxlilflyxx/status/2049961461771088153,ExplosiveMediaa,2049958674538635280,,xxlilflyxx,45352764,,"Da South, USA",,,"constitution lovin’, fiscally conservative, social liberalist who suddenly became a “radical democrat” for speaking out against Israel, Trump, & the war on Iran",https://pbs.twimg.com/profile_images/253263042/mascot_normal.jpg,2026-05-01 00:17:53,2026-05-01 00:00:00,,,,,,,@ExplosiveMediaa I’m just happy you know all the people of our country aren’t evil. The best I can figure is our government is bought and paid for by Israel. It’s wild to me that the people of their country seem to be evil yet you see the protests. Very confusing. Guess people are just,@ExplosiveMediaa I’m just happy you know all the people of our country aren’t evil. The best I can figure is our government is bought and paid for by Israel. It’s wild to me that the people of their country seem to be evil yet you see the protests. Very confusing. Guess people are just,0,,,,ExplosiveMediaa,en,,,,1,,,,,,,,,,,,0,0,10,0,Twitter for iPhone,,,,,,,,,,69,1,0,0
118,2049897656441303204,https://x.com/SamanAhsan/status/2049897656441303204,ExplosiveMediaa,2049891608192049177,,SamanAhsan,448110417,,,,,"The children are always ours, every single one of them, all over the globe... James Baldwin.
Tweets are my personal opinion, likes/ retweets are not endorsement",https://pbs.twimg.com/profile_images/1817843712732647424/DovaBYvb_normal.jpg,2026-04-30 20:04:21,2026-04-30 00:00:00,,,,,,,"@ExplosiveMediaa @RosanneMil3145 Happy Persian Gulf Day! 
Waiting for Stait of Persia day next. https://t.co/4VTnzkUhjN","@ExplosiveMediaa @RosanneMil3145 Happy Persian Gulf Day! 
Waiting for Stait of Persia day next. https://t.co/4VTnzkUhjN",0,,,,ExplosiveMediaa RosanneMil3145,en,,,,1,,,,,,1,https://pbs.twimg.com/media/HHKzDivXoAAQLv_.jpg,,,,,2,0,17,1,Twitter for Android,,,,,,,,,,245,1,0,0
119,2049951624974463213,https://x.com/Lionness1019/status/2049951624974463213,Farz_Zaad,2049951231330656470,,Lionness1019,1952048682112577537,,,,,,https://pbs.twimg.com/profile_images/1952048774366236672/AXvKGNIP_normal.png,2026-04-30 23:38:48,2026-04-30 00:00:00,,,,,,,@Farz_Zaad @b_schoendorff @AnaEscobarShow @ExplosiveMediaa it would be my honor. I would come back &amp; share the better way to live.,@Farz_Zaad @b_schoendorff @AnaEscobarShow @ExplosiveMediaa it would be my honor. I would come back &amp; share the better way to live.,0,,,,Farz_Zaad b_schoendorff AnaEscobarShow ExplosiveMediaa,en,,,,1,,,,,,,,,,,,0,0,2,1,Twitter for iPhone,,,,,,,,,,29,0,0,0
120,2049958674538635280,https://x.com/ExplosiveMediaa/status/2049958674538635280,xxlilflyxx,2049957040362324042,,ExplosiveMediaa,2031492622968303620,,Iran,,,"Iranian Lego-style animation team. Fast, Instant, Explosive🔥🤞.
.
.
Lego Resistance Front
#LRF",https://pbs.twimg.com/profile_images/2039670351412760577/MlFKVB2z_normal.jpg,2026-05-01 00:06:49,2026-05-01 00:00:00,,,,,,,"@xxlilflyxx Hello Jessica.

Thank you for writing to us.

We are very happy to have good friends like you in America. The number of you friends who are discovering the truth is really large, and we see that more and more every day.
Thank God. Please keep reading about us.

(Just to clarify,","@xxlilflyxx Hello Jessica.

Thank you for writing to us.

We are very happy to have good friends like you in America. The number of you friends who are discovering the truth is really large, and we see that more and more every day.
Thank God. Please keep reading about us.

(Just to clarify,",0,,,,xxlilflyxx,en,,,,1,,,,,,,,,,,,0,0,28,2,Twitter for Android,,,,,,,,,,263,1,0,0
